红球_1,红球_5,红球_4,红球_3,蓝球,红球_2,红球_6,期数
01,31,25,14,07,03,33,24059,
08,27,17,13,13,12,29,24058,
03,23,18,17,08,08,31,24057,
05,25,24,20,06,18,26,24056,
02,16,07,06,03,04,29,24055,
08,31,25,20,03,13,32,24054,
07,28,22,21,07,14,33,24053,
07,17,15,11,03,10,21,24052,
05,23,20,13,06,09,28,24051,
01,22,10,07,02,03,33,24050,
12,26,23,17,11,15,32,24049,
02,26,19,15,02,09,28,24048,
07,29,26,21,15,08,30,24047,
02,17,11,10,15,06,29,24046,
02,24,23,19,03,08,26,24045,
02,32,25,17,06,06,33,24044,
04,15,14,07,08,06,24,24043,
02,26,14,05,14,04,32,24042,
02,25,22,12,16,09,33,24041,
11,23,19,18,02,14,26,24040,
02,30,29,12,10,06,31,24039,
08,27,23,18,02,10,31,24038,
01,12,06,05,13,04,14,24037,
02,21,12,09,02,08,31,24036,
05,22,17,14,06,07,32,24035,
02,21,19,12,04,09,31,24034,
06,20,18,11,05,10,32,24033,
01,12,11,04,16,03,21,24032,
09,30,25,13,02,10,32,24031,
01,29,25,22,10,08,33,24030,
12,28,25,23,04,18,33,24029,
03,18,11,08,05,07,19,24028,
02,28,27,13,13,06,32,24027,
04,20,19,18,06,07,25,24026,
08,25,22,21,13,15,33,24025,
03,26,24,21,10,07,30,24024,
01,28,25,22,10,10,32,24023,
02,18,14,11,06,09,26,24022,
04,23,17,16,11,06,24,24021,
03,17,14,12,08,08,33,24020,
05,17,16,12,08,11,20,24019,
06,28,24,17,16,15,29,24018,
04,25,20,19,04,17,32,24017,
07,32,24,20,04,12,33,24016,
03,20,18,17,15,08,30,24015,
01,24,22,10,13,02,25,24014,
01,21,14,10,07,07,25,24013,
01,22,18,07,15,03,28,24012,
08,27,20,16,06,12,31,24011,
11,23,21,20,04,16,24,24010,
01,17,10,07,14,04,23,24009,
08,27,23,21,13,20,30,24008,
04,20,07,06,15,05,22,24007,
07,26,21,20,05,18,32,24006,
05,25,23,20,03,06,32,24005,
09,21,18,17,04,13,27,24004,
01,32,13,08,03,05,33,24003,
04,19,17,10,09,09,20,24002,
03,27,26,16,16,07,32,24001,
01,25,20,16,05,15,27,23151,
10,30,26,25,05,17,33,23150,
02,26,24,19,15,10,33,23149,
03,19,09,07,08,05,20,23148,
05,19,16,14,12,06,32,23147,
02,20,11,06,09,03,32,23146,
07,23,22,21,11,10,24,23145,
12,25,22,17,08,16,27,23144,
05,23,16,09,15,07,30,23143,
02,27,21,20,14,08,33,23142,
01,21,12,11,03,08,23,23141,
03,30,14,11,05,04,31,23140,
12,27,21,19,11,14,31,23139,
03,31,30,28,04,22,33,23138,
03,23,19,17,11,12,27,23137,
03,22,21,10,10,05,26,23136,
05,28,13,11,07,06,30,23135,
05,22,17,09,04,08,33,23134,
04,22,14,10,03,05,25,23133,
03,25,15,11,01,09,27,23132,
06,26,20,14,01,07,32,23131,
04,23,22,17,16,10,32,23130,
08,32,17,12,04,09,33,23129,
07,27,21,20,01,16,33,23128,
03,26,22,19,14,08,32,23127,
10,29,28,26,16,24,31,23126,
11,30,27,15,04,14,33,23125,
02,25,18,17,11,03,30,23124,
10,29,22,15,15,13,32,23123,
07,20,18,14,05,08,30,23122,
02,30,25,16,12,12,31,23121,
03,27,24,13,08,08,29,23120,
01,21,19,03,15,02,28,23119,
01,25,19,11,04,02,29,23118,
02,18,17,14,08,11,28,23117,
02,24,13,09,12,08,27,23116,
02,26,21,16,16,07,27,23115,
07,17,16,15,09,09,26,23114,
01,25,18,13,03,02,27,23113,
09,24,22,13,04,12,31,23112,
05,20,17,12,09,06,33,23111,
02,29,25,20,16,06,33,23110,
06,16,13,10,13,08,28,23109,
01,18,08,06,09,03,24,23108,
03,29,25,18,14,07,33,23107,
07,22,20,10,07,09,24,23106,
01,30,26,05,16,03,32,23105,
10,30,25,23,12,19,31,23104,
05,25,24,13,15,06,29,23103,
01,21,13,10,10,09,28,23102,
01,18,15,09,04,05,26,23101,
05,23,15,12,04,06,25,23100,
09,27,19,14,05,11,33,23099,
02,21,14,11,11,10,27,23098,
01,29,19,14,15,09,30,23097,
08,31,26,18,15,11,32,23096,
03,22,17,16,11,08,26,23095,
06,30,14,12,12,10,31,23094,
10,27,25,24,07,21,32,23093,
03,32,25,24,13,12,33,23092,
16,30,26,22,16,20,32,23091,
01,30,26,09,07,02,31,23090,
08,28,27,15,11,13,31,23089,
01,31,26,18,05,14,33,23088,
02,28,17,15,01,09,33,23087,
08,26,22,10,12,09,32,23086,
11,31,24,23,13,18,33,23085,
09,19,17,14,03,13,27,23084,
07,17,16,12,12,10,30,23083,
04,27,24,19,16,18,30,23082,
01,22,16,15,15,11,31,23081,
01,25,09,04,08,02,31,23080,
05,21,12,09,07,06,22,23079,
06,30,19,14,08,08,31,23078,
07,26,22,14,01,09,27,23077,
03,19,18,15,09,04,22,23076,
13,30,28,24,01,15,31,23075,
02,19,18,09,03,08,21,23074,
01,25,16,15,10,03,32,23073,
02,25,24,10,09,06,33,23072,
05,24,19,15,06,12,26,23071,
03,32,31,25,04,05,33,23070,
12,21,20,17,02,14,26,23069,
11,29,18,15,02,12,33,23068,
01,28,19,12,14,03,32,23067,
02,26,10,08,06,07,31,23066,
02,26,20,17,14,14,33,23065,
01,16,12,11,04,07,18,23064,
04,22,20,17,13,08,27,23063,
11,26,24,23,15,19,33,23062,
01,12,11,06,15,04,22,23061,
09,30,19,17,11,11,31,23060,
02,27,22,13,06,06,32,23059,
10,30,26,22,11,17,33,23058,
02,24,17,10,03,05,32,23057,
08,23,18,15,08,14,33,23056,
03,27,23,20,13,04,32,23055,
05,15,10,09,12,06,26,23054,
01,27,20,14,15,07,30,23053,
03,12,08,05,06,04,17,23052,
22,32,30,29,14,26,33,23051,
02,22,14,09,05,07,23,23050,
05,25,23,14,02,07,27,23049,
02,28,24,10,08,03,30,23048,
05,31,23,14,07,07,33,23047,
06,26,25,17,03,08,28,23046,
03,27,21,12,04,06,28,23045,
02,24,22,15,16,08,26,23044,
05,24,20,12,10,08,28,23043,
10,27,23,20,10,17,30,23042,
01,15,13,12,06,06,24,23041,
09,29,24,17,08,16,31,23040,
02,19,13,09,09,03,28,23039,
02,31,17,14,08,09,33,23038,
08,29,26,25,12,23,31,23037,
13,24,19,18,09,14,30,23036,
01,20,10,09,06,04,33,23035,
02,12,11,09,15,03,17,23034,
08,24,23,13,05,09,26,23033,
06,28,26,20,01,19,33,23032,
07,31,29,27,05,14,33,23031,
02,30,16,07,06,03,31,23030,
03,28,24,12,08,07,33,23029,
05,20,17,10,14,07,22,23028,
08,32,27,22,08,10,33,23027,
01,31,30,26,03,18,33,23026,
04,31,21,20,14,16,32,23025,
03,27,17,09,03,06,28,23024,
05,24,15,10,09,08,25,23023,
10,23,19,18,03,11,31,23022,
02,21,19,06,04,05,27,23021,
01,26,18,17,05,12,27,23020,
06,29,28,26,15,12,32,23019,
10,25,19,17,13,12,31,23018,
05,26,20,18,12,11,28,23017,
14,28,23,19,03,16,30,23016,
02,29,21,14,08,03,32,23015,
06,27,23,18,05,07,30,23014,
06,23,22,14,13,10,33,23013,
03,26,22,07,06,04,30,23012,
06,21,17,16,04,07,22,23011,
04,27,18,13,12,05,29,23010,
03,30,23,19,06,04,32,23009,
05,26,20,18,06,13,28,23008,
05,25,22,09,03,06,31,23007,
02,24,14,12,05,10,26,23006,
02,14,13,08,16,06,19,23005,
01,20,16,15,16,07,25,23004,
05,30,25,18,06,08,32,23003,
02,18,16,10,13,06,22,23002,
09,28,22,18,02,16,32,23001,
01,22,12,11,05,07,28,22150,
02,32,29,26,14,22,33,22149,
02,21,17,16,14,15,31,22148,
02,20,13,07,10,03,30,22147,
06,26,18,13,06,07,31,22146,
03,31,30,25,11,21,33,22145,
07,31,23,22,05,20,32,22144,
07,30,29,13,03,08,33,22143,
01,21,16,13,03,03,27,22142,
05,20,17,13,14,12,27,22141,
08,20,19,18,15,09,27,22140,
06,17,16,09,14,07,19,22139,
02,25,21,19,11,14,28,22138,
08,28,27,23,01,21,33,22137,
08,18,15,14,08,10,22,22136,
09,28,24,13,06,11,32,22135,
01,24,17,14,14,05,31,22134,
05,21,17,16,12,08,25,22133,
01,32,26,18,04,03,33,22132,
03,19,13,10,06,05,29,22131,
02,26,17,15,12,08,28,22130,
10,24,22,14,07,12,27,22129,
03,27,24,18,01,12,29,22128,
03,29,10,09,13,04,33,22127,
01,26,17,15,13,13,33,22126,
02,20,12,07,16,03,31,22125,
05,24,18,13,01,10,26,22124,
10,21,20,16,05,13,25,22123,
06,24,19,17,05,08,28,22122,
12,30,27,22,02,17,31,22121,
02,27,26,19,02,15,29,22120,
02,26,18,15,04,05,27,22119,
02,14,11,07,08,06,33,22118,
04,28,18,17,06,13,29,22117,
08,30,27,26,01,14,33,22116,
06,27,20,18,09,07,29,22115,
01,26,19,15,13,05,29,22114,
13,27,24,20,02,14,29,22113,
03,25,17,08,01,05,31,22112,
02,28,13,11,01,10,31,22111,
09,20,18,15,15,13,28,22110,
04,22,19,13,11,11,33,22109,
01,18,17,13,15,07,31,22108,
03,19,15,11,16,09,28,22107,
17,24,23,22,01,20,31,22106,
06,21,15,13,15,12,23,22105,
01,26,25,19,01,08,31,22104,
06,20,14,12,10,09,28,22103,
09,29,18,12,14,10,32,22102,
04,27,19,18,04,16,28,22101,
02,20,15,07,15,06,21,22100,
01,26,24,23,15,11,32,22099,
02,21,06,04,05,03,33,22098,
04,30,13,10,14,05,31,22097,
03,25,19,17,07,16,33,22096,
04,20,18,14,08,13,28,22095,
06,19,16,13,02,11,31,22094,
21,29,28,24,14,22,32,22093,
07,21,20,16,11,10,27,22092,
08,24,22,20,10,18,28,22091,
01,29,27,25,07,04,30,22090,
02,31,29,15,15,07,33,22089,
03,20,17,15,06,09,22,22088,
05,23,13,09,08,06,25,22087,
01,23,21,08,11,04,24,22086,
07,32,31,14,13,09,33,22085,
03,25,24,23,09,18,32,22084,
08,19,14,13,05,12,20,22083,
04,30,23,11,14,10,32,22082,
04,27,21,11,01,08,30,22081,
05,18,17,15,04,12,27,22080,
01,22,17,15,16,09,23,22079,
01,17,15,05,09,04,31,22078,
03,20,19,18,16,17,27,22077,
08,24,13,10,02,09,29,22076,
01,26,25,04,10,02,30,22075,
05,29,19,15,15,07,33,22074,
06,26,15,14,12,10,29,22073,
05,18,16,15,12,14,32,22072,
04,29,18,15,01,07,33,22071,
04,28,27,09,02,06,33,22070,
06,26,19,13,08,07,29,22069,
07,26,24,15,06,12,29,22068,
01,26,21,13,15,05,29,22067,
06,27,20,14,09,11,30,22066,
09,28,23,18,02,14,31,22065,
04,17,13,12,16,06,31,22064,
06,22,17,09,11,08,31,22063,
16,23,21,20,05,18,33,22062,
01,29,18,16,06,03,33,22061,
16,28,24,19,01,18,32,22060,
06,29,19,18,06,09,33,22059,
06,31,23,14,01,13,33,22058,
12,30,26,20,16,15,33,22057,
01,17,14,11,15,06,26,22056,
02,28,26,09,03,04,33,22055,
08,28,27,21,11,12,33,22054,
10,27,23,18,15,14,33,22053,
07,31,29,27,15,24,32,22052,
02,21,17,11,01,05,33,22051,
03,27,14,08,08,05,33,22050,
02,25,18,07,10,04,26,22049,
05,26,20,17,14,07,31,22048,
03,27,14,08,09,07,30,22047,
02,27,25,24,14,11,30,22046,
03,19,18,17,04,12,28,22045,
01,23,21,08,06,07,29,22044,
02,25,23,20,08,17,27,22043,
05,22,21,11,13,10,30,22042,
05,24,22,21,14,07,29,22041,
03,31,16,14,12,12,33,22040,
02,15,10,07,05,06,20,22039,
09,24,16,13,04,12,32,22038,
01,22,20,13,14,10,32,22037,
02,26,16,14,02,03,31,22036,
08,23,19,13,15,12,25,22035,
14,32,31,26,10,17,33,22034,
05,25,22,19,05,12,26,22033,
04,23,14,11,07,10,32,22032,
01,26,22,11,07,10,32,22031,
12,27,26,24,05,23,30,22030,
03,26,13,10,08,08,32,22029,
05,23,22,20,09,11,29,22028,
14,26,19,18,09,15,32,22027,
03,22,15,10,02,04,24,22026,
06,28,25,24,04,19,32,22025,
07,19,14,10,15,09,24,22024,
07,24,19,17,02,12,25,22023,
01,17,15,11,06,07,19,22022,
03,26,24,22,14,07,31,22021,
09,30,22,14,01,11,32,22020,
05,21,20,14,08,06,25,22019,
07,30,17,16,16,11,32,22018,
06,30,29,24,07,09,32,22017,
05,29,20,19,14,10,31,22016,
06,28,27,16,07,14,31,22015,
06,15,14,13,04,07,27,22014,
02,10,07,04,15,03,18,22013,
04,30,29,08,01,07,31,22012,
06,25,24,23,15,15,33,22011,
12,21,20,19,15,18,32,22010,
04,25,19,17,16,15,28,22009,
02,20,09,07,13,03,21,22008,
01,25,23,22,16,20,28,22007,
03,22,15,09,02,06,31,22006,
07,19,16,12,16,10,31,22005,
05,30,28,24,14,19,32,22004,
02,18,17,16,06,05,30,22003,
02,25,23,21,08,12,31,22002,
06,20,17,15,03,13,21,22001,
09,24,21,20,04,14,26,21150,
05,19,18,15,05,10,32,21149,
10,19,17,15,08,12,20,21148,
05,27,13,11,09,10,28,21147,
07,26,22,21,03,09,32,21146,
04,16,14,10,09,07,26,21145,
02,23,15,13,07,05,26,21144,
01,20,13,11,09,09,29,21143,
04,20,19,17,16,07,24,21142,
01,26,23,19,10,14,30,21141,
05,27,26,16,01,10,33,21140,
12,24,23,19,01,14,27,21139,
11,27,16,15,09,14,32,21138,
03,21,14,10,01,07,24,21137,
02,19,15,09,16,06,28,21136,
03,21,19,17,04,10,31,21135,
01,25,19,16,08,02,31,21134,
01,27,19,12,10,03,31,21133,
01,20,14,06,08,04,28,21132,
08,20,19,18,01,11,24,21131,
08,26,24,15,06,09,30,21130,
04,28,27,21,10,15,29,21129,
05,23,21,20,04,17,33,21128,
07,27,20,16,07,15,29,21127,
19,28,27,23,01,20,31,21126,
14,24,23,20,09,19,31,21125,
01,29,22,18,02,03,32,21124,
06,29,19,15,05,14,31,21123,
04,18,15,12,07,05,28,21122,
04,22,16,12,15,05,30,21121,
01,13,12,08,05,07,18,21120,
03,28,11,10,13,09,29,21119,
02,20,18,14,13,06,31,21118,
03,27,21,17,04,05,33,21117,
06,31,18,17,06,14,33,21116,
02,24,15,12,08,10,27,21115,
04,24,14,08,02,06,27,21114,
04,27,22,10,02,07,30,21113,
05,28,25,21,07,06,33,21112,
17,26,23,22,06,20,28,21111,
10,31,24,15,02,13,32,21110,
02,20,17,10,16,03,26,21109,
11,26,24,18,09,15,32,21108,
02,25,19,17,01,03,30,21107,
01,30,14,07,03,04,31,21106,
10,27,22,15,09,14,32,21105,
01,22,20,17,15,07,28,21104,
10,29,25,15,15,13,30,21103,
05,27,24,15,09,09,30,21102,
02,29,22,12,01,04,31,21101,
07,14,13,12,16,09,29,21100,
09,20,18,17,15,11,27,21099,
01,26,18,13,05,10,32,21098,
03,25,13,12,12,11,28,21097,
01,15,14,11,11,07,26,21096,
08,27,24,17,13,12,28,21095,
09,28,25,24,15,11,33,21094,
05,28,23,15,03,11,33,21093,
02,12,10,08,03,07,31,21092,
04,26,24,16,16,06,33,21091,
05,27,14,12,08,06,28,21090,
01,23,13,07,12,02,24,21089,
04,19,16,15,06,12,26,21088,
02,23,19,16,04,13,24,21087,
06,28,14,10,01,08,29,21086,
05,14,11,07,02,06,20,21085,
05,21,11,09,01,07,28,21084,
04,28,25,11,04,09,33,21083,
03,26,13,11,05,06,32,21082,
01,22,18,05,01,03,23,21081,
05,24,23,22,09,08,29,21080,
01,28,24,10,13,03,29,21079,
04,27,26,15,12,06,31,21078,
08,27,25,17,10,15,30,21077,
03,30,23,21,06,09,32,21076,
12,22,21,16,01,15,29,21075,
04,25,14,09,07,05,27,21074,
01,24,22,18,08,06,25,21073,
01,19,16,15,15,09,21,21072,
01,32,31,24,08,07,33,21071,
01,16,15,11,15,05,29,21070,
06,23,20,18,05,11,26,21069,
04,31,24,18,15,14,32,21068,
01,25,23,19,09,11,29,21067,
02,30,26,19,15,06,33,21066,
01,29,19,08,16,04,33,21065,
04,16,15,08,16,06,18,21064,
04,23,09,06,09,05,24,21063,
12,22,20,15,10,13,25,21062,
04,20,18,12,01,09,23,21061,
10,29,20,17,15,11,30,21060,
01,32,18,11,14,09,33,21059,
09,19,18,13,14,11,28,21058,
05,25,17,09,16,06,33,21057,
08,29,23,22,01,21,32,21056,
03,22,16,12,10,11,28,21055,
07,24,22,21,02,13,31,21054,
07,24,16,14,16,10,33,21053,
03,21,19,06,14,04,30,21052,
08,27,19,10,15,09,29,21051,
02,25,16,10,08,09,28,21050,
04,25,22,13,01,11,32,21049,
04,29,22,17,03,15,32,21048,
03,24,16,13,01,07,29,21047,
05,28,21,13,06,09,33,21046,
01,17,15,14,02,04,32,21045,
05,26,17,14,13,07,28,21044,
02,23,18,17,01,03,24,21043,
05,25,22,10,08,09,27,21042,
02,26,23,18,14,09,32,21041,
02,28,24,07,16,06,29,21040,
02,29,24,21,13,08,31,21039,
05,18,16,09,06,07,27,21038,
13,26,24,19,12,17,30,21037,
01,21,11,06,11,02,26,21036,
12,26,20,18,11,14,28,21035,
04,23,18,12,01,10,25,21034,
02,31,14,13,06,12,33,21033,
01,16,15,08,03,05,30,21032,
06,28,25,21,07,11,31,21031,
08,29,27,13,05,09,31,21030,
08,22,17,15,12,10,30,21029,
11,27,26,23,05,16,33,21028,
05,20,16,09,08,07,26,21027,
03,20,19,13,03,05,25,21026,
06,18,17,14,11,08,30,21025,
01,11,10,06,02,04,18,21024,
02,27,23,22,11,21,28,21023,
10,31,25,17,06,15,32,21022,
04,28,24,17,13,08,33,21021,
01,09,07,06,02,03,11,21020,
12,28,24,17,08,16,29,21019,
02,25,23,14,06,08,32,21018,
09,32,29,18,02,15,33,21017,
03,15,13,09,10,08,18,21016,
06,28,26,16,07,14,29,21015,
04,29,25,21,06,15,33,21014,
06,27,16,12,06,09,31,21013,
03,20,18,14,01,06,26,21012,
05,27,23,16,14,10,33,21011,
01,32,19,11,05,04,33,21010,
02,25,24,07,13,04,32,21009,
01,18,14,07,07,05,33,21008,
02,25,21,12,16,04,32,21007,
06,25,24,22,01,08,26,21006,
07,30,26,14,04,09,31,21005,
02,17,08,07,15,03,22,21004,
06,22,18,16,11,09,29,21003,
06,26,25,13,11,10,32,21002,
02,20,18,13,11,03,31,21001,
02,22,20,10,01,09,26,20134,
03,27,23,22,07,19,29,20133,
01,14,12,11,04,04,23,20132,
08,27,26,22,07,19,30,20131,
08,17,14,11,16,09,29,20130,
01,28,15,05,04,02,33,20129,
08,23,16,15,10,10,26,20128,
01,26,19,18,07,04,31,20127,
03,23,14,12,11,07,28,20126,
05,30,26,16,13,12,31,20125,
16,29,20,19,12,18,33,20124,
01,26,19,18,03,03,29,20123,
12,26,24,17,15,15,31,20122,
02,25,21,06,03,04,29,20121,
01,09,04,03,12,02,10,20120,
01,32,28,22,15,09,33,20119,
11,30,26,19,05,13,33,20118,
07,16,10,09,07,08,27,20117,
05,19,16,14,10,06,27,20116,
01,25,20,12,02,04,32,20115,
01,30,24,11,03,05,32,20114,
01,22,10,07,11,03,32,20113,
02,28,17,12,05,09,32,20112,
06,24,22,17,16,09,26,20111,
02,22,14,09,04,06,25,20110,
06,23,20,16,13,13,32,20109,
10,23,17,15,05,12,32,20108,
03,25,24,11,16,09,28,20107,
02,18,15,11,10,04,28,20106,
06,22,20,19,01,14,24,20105,
04,27,16,10,09,08,29,20104,
04,28,22,10,08,09,32,20103,
09,26,25,19,08,10,29,20102,
10,28,25,24,15,17,30,20101,
01,20,16,15,07,07,23,20100,
05,15,12,11,12,06,30,20099,
06,25,22,11,02,08,33,20098,
02,26,25,21,10,08,30,20097,
01,27,26,23,15,20,32,20096,
03,20,17,16,02,09,26,20095,
10,29,27,17,08,15,31,20094,
04,15,13,10,15,05,19,20093,
01,22,18,12,03,06,24,20092,
01,16,12,11,16,09,19,20091,
02,31,26,23,06,21,32,20090,
02,29,21,16,10,14,30,20089,
01,29,26,12,12,06,30,20088,
11,25,23,20,10,15,33,20087,
02,24,15,06,06,04,27,20086,
01,19,09,05,16,02,24,20085,
03,23,17,16,07,07,30,20084,
01,30,26,25,12,19,31,20083,
02,21,17,11,09,08,30,20082,
01,27,14,13,15,05,33,20081,
14,31,22,18,01,15,33,20080,
05,22,21,20,14,12,29,20079,
03,21,16,14,04,11,32,20078,
03,25,21,16,12,10,27,20077,
10,20,18,16,06,15,27,20076,
03,24,20,13,16,11,30,20075,
04,19,13,09,12,08,33,20074,
05,27,13,11,03,07,29,20073,
06,17,15,10,04,08,26,20072,
09,22,13,12,08,11,23,20071,
01,19,06,04,15,02,21,20070,
03,18,13,10,04,09,26,20069,
12,27,26,21,10,16,32,20068,
04,27,23,09,08,07,30,20067,
02,26,17,13,07,09,28,20066,
09,23,21,18,08,15,26,20065,
01,27,21,07,01,03,32,20064,
12,29,22,16,14,15,32,20063,
10,26,22,17,05,14,27,20062,
08,27,26,24,04,17,31,20061,
05,24,20,14,08,09,30,20060,
02,22,17,10,14,04,25,20059,
01,19,12,11,07,03,26,20058,
09,26,23,21,03,14,32,20057,
02,26,12,08,14,05,31,20056,
01,28,23,07,12,05,30,20055,
03,26,25,19,02,10,31,20054,
02,32,16,15,01,14,33,20053,
02,32,29,13,15,08,33,20052,
03,19,11,08,08,06,28,20051,
04,32,20,17,15,09,33,20050,
01,18,12,09,04,07,22,20049,
12,30,23,18,02,14,32,20048,
04,28,19,17,01,10,32,20047,
13,27,26,25,08,19,32,20046,
02,22,21,15,16,03,33,20045,
07,19,17,16,07,08,24,20044,
01,27,25,24,07,11,30,20043,
02,14,11,07,03,06,31,20042,
06,24,22,16,13,07,25,20041,
01,19,16,12,04,06,21,20040,
02,16,11,10,02,09,29,20039,
01,23,18,07,15,06,24,20038,
01,17,13,11,15,04,24,20037,
07,24,22,16,06,09,32,20036,
10,28,25,24,11,14,33,20035,
02,26,16,15,03,08,32,20034,
07,31,21,12,01,10,32,20033,
03,15,14,13,13,11,26,20032,
02,16,15,09,09,05,27,20031,
17,30,29,21,03,18,32,20030,
01,30,20,18,05,12,32,20029,
05,26,18,15,08,06,32,20028,
12,25,24,14,06,13,28,20027,
01,19,18,09,06,04,31,20026,
01,20,15,10,02,09,29,20025,
10,29,28,27,08,13,31,20024,
04,30,21,20,08,05,33,20023,
02,25,22,20,02,10,30,20022,
02,27,16,14,07,06,31,20021,
01,15,13,09,14,06,22,20020,
15,30,28,27,03,19,33,20019,
05,17,11,08,13,07,22,20018,
02,20,15,07,04,04,27,20017,
05,24,17,08,07,06,27,20016,
08,30,24,22,01,09,33,20015,
02,12,10,08,07,07,16,20014,
02,21,20,10,14,08,30,20013,
04,26,23,14,09,13,31,20012,
04,18,17,07,01,05,29,20011,
11,31,27,22,09,14,32,20010,
03,19,14,08,12,06,26,20009,
01,11,10,06,16,04,28,20008,
05,25,20,17,10,12,31,20007,
03,16,10,05,09,04,32,20006,
11,26,22,17,04,16,32,20005,
02,32,27,17,03,15,33,20004,
09,30,29,26,03,17,32,20003,
04,16,15,14,11,09,29,20002,
02,29,26,23,02,15,30,20001,
02,24,18,09,14,06,26,19151,
02,27,22,14,02,09,29,19150,
01,31,28,27,07,06,33,19149,
09,26,20,13,08,10,27,19148,
01,23,14,12,12,09,27,19147,
01,30,12,10,14,04,32,19146,
01,18,17,13,16,08,19,19145,
02,27,19,15,03,12,30,19144,
05,26,16,15,09,13,32,19143,
08,29,27,24,09,14,33,19142,
10,17,15,14,14,13,33,19141,
02,14,11,09,05,04,22,19140,
08,30,23,20,11,14,33,19139,
02,31,30,12,11,06,32,19138,
07,23,19,13,06,10,31,19137,
12,29,17,15,12,14,33,19136,
03,27,11,10,03,06,33,19135,
01,29,22,06,03,04,30,19134,
03,24,21,16,07,07,31,19133,
04,19,14,11,07,06,33,19132,
09,24,20,19,04,17,31,19131,
01,24,11,09,16,07,32,19130,
03,15,09,07,07,04,26,19129,
03,17,16,12,08,08,19,19128,
02,17,12,07,10,06,24,19127,
02,32,29,17,16,14,33,19126,
02,27,26,12,03,11,29,19125,
04,32,31,30,01,09,33,19124,
02,28,17,08,06,06,30,19123,
04,21,19,15,02,10,23,19122,
02,30,21,15,02,06,31,19121,
10,32,31,27,03,12,33,19120,
04,26,24,22,07,20,33,19119,
12,28,25,15,04,14,31,19118,
03,32,28,11,01,05,33,19117,
01,16,13,09,01,08,33,19116,
04,15,14,11,05,10,29,19115,
02,12,11,09,01,04,30,19114,
01,25,21,19,15,05,33,19113,
03,23,17,14,01,12,27,19112,
07,24,22,20,01,18,33,19111,
01,27,26,22,08,18,28,19110,
03,28,17,07,10,06,31,19109,
07,25,22,19,13,13,32,19108,
02,27,23,08,02,06,32,19107,
02,30,27,22,14,14,33,19106,
02,26,17,15,01,13,33,19105,
01,18,17,16,10,05,24,19104,
04,27,21,14,12,12,29,19103,
03,20,16,12,12,08,32,19102,
01,31,21,09,05,04,33,19101,
01,30,13,12,08,04,32,19100,
07,27,23,22,08,14,30,19099,
03,17,14,12,09,11,26,19098,
03,25,24,18,09,05,31,19097,
05,27,18,12,11,07,32,19096,
02,21,19,14,01,05,28,19095,
05,19,18,12,06,10,27,19094,
05,20,09,08,02,07,22,19093,
09,32,28,27,08,17,33,19092,
07,29,24,21,11,10,32,19091,
02,14,08,06,04,03,22,19090,
02,20,16,14,11,04,22,19089,
13,23,21,15,13,14,29,19088,
04,21,09,07,04,05,30,19087,
16,28,26,24,06,22,31,19086,
01,24,18,14,04,04,29,19085,
04,20,18,14,03,08,27,19084,
06,28,26,17,03,15,31,19083,
07,24,22,19,02,16,28,19082,
05,31,29,27,10,24,32,19081,
03,24,20,08,07,06,32,19080,
01,19,09,06,16,03,31,19079,
01,31,29,27,12,17,33,19078,
09,21,18,13,15,11,22,19077,
12,29,20,19,14,15,32,19076,
05,31,22,20,03,08,33,19075,
12,31,29,27,04,21,33,19074,
01,16,12,06,08,02,18,19073,
02,22,15,13,15,09,30,19072,
01,29,24,19,04,08,30,19071,
06,24,19,18,09,15,32,19070,
06,21,19,16,01,11,25,19069,
03,26,24,20,10,14,33,19068,
04,30,11,08,11,06,33,19067,
01,22,20,17,04,14,32,19066,
06,20,15,11,10,09,26,19065,
12,30,25,24,12,20,33,19064,
01,29,22,19,16,14,31,19063,
07,26,23,16,01,13,30,19062,
03,27,24,19,12,17,31,19061,
03,23,20,14,01,04,27,19060,
04,16,09,07,06,05,18,19059,
07,23,21,12,12,08,27,19058,
04,13,08,06,16,05,18,19057,
13,21,19,17,01,14,29,19056,
01,19,15,11,10,06,31,19055,
07,24,15,11,11,10,26,19054,
04,29,25,22,08,16,31,19053,
03,16,13,09,16,06,19,19052,
08,15,13,10,09,09,28,19051,
04,21,11,10,02,06,23,19050,
03,23,22,13,15,10,28,19049,
03,18,12,10,10,07,29,19048,
03,30,25,18,14,11,33,19047,
02,25,22,16,06,12,32,19046,
01,27,19,17,14,06,31,19045,
06,23,17,16,07,14,29,19044,
01,24,13,12,13,06,32,19043,
15,25,22,19,04,17,26,19042,
02,24,23,13,16,09,26,19041,
05,23,18,09,11,06,31,19040,
06,27,14,11,08,07,32,19039,
09,29,27,21,05,12,30,19038,
01,18,14,12,10,07,25,19037,
02,23,16,13,08,10,32,19036,
01,10,09,07,16,05,20,19035,
09,24,22,15,03,11,26,19034,
09,23,21,19,15,15,29,19033,
04,28,13,09,04,08,33,19032,
03,21,18,15,16,13,33,19031,
04,12,10,07,16,05,22,19030,
08,32,23,17,10,11,33,19029,
04,29,26,22,11,19,30,19028,
02,11,10,08,13,06,17,19027,
03,20,19,15,14,13,27,19026,
15,30,27,21,04,16,33,19025,
01,28,25,23,10,08,29,19024,
01,18,15,14,13,10,31,19023,
03,30,21,11,07,07,33,19022,
02,20,08,07,04,05,27,19021,
02,27,23,13,12,12,28,19020,
03,24,18,17,06,11,25,19019,
04,26,19,18,04,11,32,19018,
04,30,28,24,09,05,33,19017,
05,19,11,09,05,07,25,19016,
11,24,20,16,04,15,31,19015,
01,19,14,03,03,02,33,19014,
05,18,16,14,01,07,21,19013,
07,31,23,21,14,10,33,19012,
10,24,21,19,07,13,30,19011,
02,11,08,05,02,04,30,19010,
01,31,22,10,15,07,32,19009,
02,28,13,09,12,06,32,19008,
06,19,15,14,15,10,23,19007,
01,26,19,10,12,05,28,19006,
21,31,28,26,07,22,32,19005,
08,26,19,16,03,12,32,19004,
13,22,21,20,01,17,27,19003,
04,09,08,06,11,05,18,19002,
06,32,15,13,15,10,33,19001,
01,25,23,17,11,07,31,18153,
04,28,23,16,03,14,29,18152,
05,26,25,19,15,15,29,18151,
06,20,19,15,05,08,31,18150,
01,12,10,08,01,07,24,18149,
03,21,19,18,01,06,31,18148,
03,27,23,17,11,15,30,18147,
02,18,17,11,16,10,29,18146,
03,23,22,13,06,09,25,18145,
08,20,18,17,13,13,27,18144,
04,32,28,15,14,06,33,18143,
05,27,11,10,11,08,28,18142,
11,24,18,16,04,14,33,18141,
01,25,22,20,14,15,28,18140,
11,31,23,20,15,18,32,18139,
01,30,27,25,09,10,32,18138,
03,20,15,11,09,05,23,18137,
10,26,25,15,14,12,27,18136,
01,11,10,06,16,03,29,18135,
03,32,31,18,12,16,33,18134,
02,18,12,11,13,04,32,18133,
01,15,10,09,06,02,22,18132,
21,32,31,24,01,22,33,18131,
05,24,18,17,12,12,28,18130,
02,18,16,06,16,04,19,18129,
06,22,19,08,02,07,23,18128,
02,11,07,06,12,05,15,18127,
01,14,09,08,05,06,22,18126,
03,15,14,11,02,10,32,18125,
09,22,19,14,02,13,25,18124,
13,31,27,24,01,21,32,18123,
05,30,22,20,10,07,32,18122,
06,23,19,14,11,08,25,18121,
03,27,26,18,01,04,33,18120,
03,25,16,14,12,13,27,18119,
08,27,22,21,09,12,31,18118,
08,23,17,15,05,11,25,18117,
05,23,22,17,15,14,28,18116,
01,26,24,19,11,13,29,18115,
01,20,16,15,14,07,27,18114,
01,25,16,09,09,06,26,18113,
05,26,25,18,04,08,31,18112,
01,25,24,14,08,07,28,18111,
11,22,21,16,02,13,23,18110,
10,31,23,18,15,11,33,18109,
05,26,21,18,02,13,30,18108,
01,20,12,05,01,02,22,18107,
04,25,24,19,10,18,26,18106,
04,19,18,13,01,05,25,18105,
02,25,19,06,01,03,29,18104,
02,23,22,15,16,09,24,18103,
02,21,19,11,05,06,28,18102,
01,29,26,14,09,03,33,18101,
02,29,15,14,02,11,33,18100,
03,25,14,08,06,07,32,18099,
06,29,20,11,13,10,32,18098,
01,25,20,17,13,02,28,18097,
01,28,20,09,12,05,32,18096,
10,26,21,12,09,11,33,18095,
04,24,20,16,05,07,30,18094,
04,29,21,20,07,18,33,18093,
06,24,19,16,16,10,33,18092,
06,25,17,13,07,11,32,18091,
01,14,10,04,07,02,23,18090,
06,18,14,12,14,09,27,18089,
03,30,29,12,14,05,32,18088,
01,18,16,10,03,05,31,18087,
02,23,21,17,16,07,26,18086,
04,30,26,25,06,10,33,18085,
05,22,12,08,03,06,24,18084,
04,32,21,18,03,09,33,18083,
06,22,20,14,09,12,24,18082,
01,20,16,12,03,02,26,18081,
04,29,20,13,03,07,33,18080,
14,24,22,17,13,15,29,18079,
03,18,17,14,12,10,30,18078,
02,20,15,09,10,05,24,18077,
03,29,15,08,13,07,30,18076,
07,22,13,12,11,09,24,18075,
09,27,20,14,09,11,30,18074,
02,16,15,14,10,09,23,18073,
11,25,22,19,08,16,30,18072,
02,16,13,06,03,05,19,18071,
04,19,16,15,10,09,27,18070,
06,23,19,17,12,13,31,18069,
08,27,20,17,01,10,30,18068,
01,15,12,09,05,04,18,18067,
09,22,19,17,10,16,26,18066,
01,28,14,06,01,04,33,18065,
02,17,11,10,05,05,21,18064,
05,20,16,10,12,06,25,18063,
02,25,24,19,11,18,33,18062,
09,18,12,11,07,10,23,18061,
04,30,25,13,10,08,31,18060,
04,22,13,08,11,06,32,18059,
07,26,16,13,07,12,31,18058,
05,20,19,17,13,15,30,18057,
01,21,20,06,01,03,26,18056,
07,22,12,10,07,09,26,18055,
04,25,22,18,16,06,33,18054,
01,14,11,10,06,04,27,18053,
03,15,09,06,14,05,32,18052,
05,27,23,20,04,07,31,18051,
01,18,10,04,07,02,19,18050,
01,19,11,04,02,03,23,18049,
01,30,25,20,02,12,31,18048,
06,22,16,12,07,07,25,18047,
10,20,18,14,03,13,31,18046,
03,26,25,06,01,04,30,18045,
05,27,17,12,06,09,30,18044,
01,21,08,06,07,04,24,18043,
06,29,28,21,12,10,31,18042,
07,24,23,20,13,08,32,18041,
01,18,13,08,16,03,23,18040,
08,23,19,18,03,12,32,18039,
15,28,25,24,09,23,29,18038,
01,27,08,07,10,06,30,18037,
08,28,26,24,04,17,33,18036,
07,23,17,11,15,10,28,18035,
01,23,22,11,15,05,26,18034,
04,28,22,20,06,19,33,18033,
21,25,24,23,06,22,32,18032,
02,27,19,18,14,16,30,18031,
13,25,21,20,07,14,33,18030,
01,22,14,09,05,02,25,18029,
03,18,14,11,16,08,23,18028,
02,18,14,09,05,07,28,18027,
04,26,14,12,04,07,32,18026,
04,21,19,16,14,13,25,18025,
11,31,26,22,02,19,32,18024,
12,26,21,16,16,15,29,18023,
07,22,21,19,03,14,23,18022,
03,23,11,06,14,04,28,18021,
06,28,14,10,05,09,30,18020,
03,21,16,12,09,11,23,18019,
02,25,18,13,07,12,27,18018,
03,30,26,11,12,06,32,18017,
01,25,18,12,16,11,27,18016,
11,26,21,20,15,15,33,18015,
09,28,24,20,07,12,31,18014,
06,22,15,13,06,08,33,18013,
11,26,19,13,12,12,28,18012,
03,27,23,21,11,10,33,18011,
01,21,20,17,03,08,22,18010,
05,26,23,17,07,10,32,18009,
05,17,12,10,13,09,19,18008,
13,27,25,20,12,14,31,18007,
02,17,09,08,11,07,29,18006,
02,31,28,21,06,20,33,18005,
14,30,26,19,11,18,31,18004,
01,20,17,16,04,14,31,18003,
07,31,29,24,16,18,33,18002,
01,28,26,11,04,08,31,18001,
05,18,15,13,05,09,26,17154,
07,18,13,12,16,11,19,17153,
06,26,25,23,05,10,29,17152,
02,11,09,07,16,05,27,17151,
06,21,20,19,08,14,23,17150,
05,27,20,15,13,08,30,17149,
04,29,14,11,12,07,32,17148,
03,25,21,20,14,07,31,17147,
01,27,26,25,10,19,33,17146,
02,25,17,12,12,06,28,17145,
03,31,20,16,09,14,32,17144,
04,20,14,09,14,06,29,17143,
08,23,18,14,06,13,33,17142,
01,13,11,07,05,06,15,17141,
21,29,28,25,08,22,30,17140,
02,28,24,20,16,14,32,17139,
01,32,28,24,02,17,33,17138,
05,26,23,20,03,10,31,17137,
03,21,18,10,12,07,24,17136,
01,18,14,07,16,06,26,17135,
04,28,14,11,04,05,32,17134,
06,23,18,17,11,15,30,17133,
02,13,09,05,11,03,28,17132,
01,26,11,10,11,07,27,17131,
05,25,23,14,02,13,31,17130,
05,21,14,09,02,06,33,17129,
02,29,22,13,08,06,31,17128,
14,27,24,21,12,15,32,17127,
01,27,21,17,16,16,30,17126,
01,29,25,23,03,14,30,17125,
02,28,26,11,03,06,29,17124,
04,21,11,06,10,05,31,17123,
11,24,22,21,15,20,27,17122,
11,24,22,19,07,18,32,17121,
08,23,19,15,16,10,28,17120,
09,26,25,21,14,16,31,17119,
08,30,22,15,16,09,33,17118,
01,14,11,08,09,02,21,17117,
02,30,22,20,02,14,32,17116,
04,30,25,11,01,10,31,17115,
06,18,15,13,13,12,26,17114,
04,29,27,16,05,06,33,17113,
03,22,16,14,11,10,23,17112,
05,29,19,17,12,10,32,17111,
01,19,15,12,14,03,23,17110,
08,21,18,16,16,14,23,17109,
07,17,15,14,01,12,20,17108,
08,30,17,15,06,09,32,17107,
12,27,25,20,02,15,31,17106,
03,25,12,07,07,06,26,17105,
01,23,20,15,14,14,30,17104,
01,31,25,23,01,21,33,17103,
04,18,14,10,11,08,20,17102,
01,31,28,11,16,04,32,17101,
04,23,18,08,02,07,24,17100,
02,28,16,06,04,05,29,17099,
04,30,27,22,01,19,33,17098,
05,30,19,18,03,10,31,17097,
02,19,12,11,06,06,29,17096,
09,22,19,12,16,10,29,17095,
08,28,19,13,06,11,31,17094,
07,22,15,09,12,08,27,17093,
10,32,29,19,09,18,33,17092,
05,28,23,10,03,07,29,17091,
01,22,16,10,09,07,33,17090,
11,23,16,13,12,12,25,17089,
07,23,22,18,06,09,29,17088,
03,19,14,13,06,06,28,17087,
03,20,13,06,07,05,22,17086,
01,25,16,06,09,05,30,17085,
01,22,20,11,02,05,24,17084,
03,24,20,14,12,08,26,17083,
14,28,25,21,10,18,29,17082,
03,26,25,14,05,05,30,17081,
01,22,20,16,08,12,24,17080,
03,25,23,14,08,07,27,17079,
05,22,19,18,16,07,24,17078,
01,17,15,04,14,02,22,17077,
01,14,09,08,13,04,15,17076,
01,21,19,06,07,03,29,17075,
02,30,23,16,02,06,31,17074,
03,26,23,16,14,06,30,17073,
06,26,23,14,02,11,30,17072,
02,31,14,06,03,03,32,17071,
01,25,22,14,12,06,26,17070,
02,29,23,12,05,11,31,17069,
02,30,22,10,15,06,31,17068,
01,18,10,04,04,03,29,17067,
01,19,17,06,03,04,26,17066,
02,12,10,08,07,05,21,17065,
02,24,22,16,15,10,28,17064,
12,25,22,20,04,16,31,17063,
01,26,24,22,10,07,31,17062,
06,26,20,12,11,07,27,17061,
05,26,24,13,04,10,31,17060,
04,19,15,09,09,08,25,17059,
01,28,22,13,11,09,32,17058,
18,30,23,22,16,20,31,17057,
13,21,19,18,06,14,28,17056,
07,24,20,13,05,12,31,17055,
02,28,23,09,08,03,33,17054,
04,29,15,11,06,09,31,17053,
07,29,24,18,07,08,31,17052,
02,24,15,09,11,05,25,17051,
10,27,24,20,07,12,29,17050,
01,20,15,14,10,08,29,17049,
05,15,14,09,07,08,19,17048,
02,32,10,08,02,05,33,17047,
04,26,23,14,10,13,32,17046,
05,21,20,16,05,07,25,17045,
08,31,21,19,06,16,32,17044,
08,27,23,16,08,13,31,17043,
01,10,07,04,04,02,23,17042,
04,22,15,13,04,10,27,17041,
15,29,28,23,04,19,33,17040,
02,17,14,12,15,04,24,17039,
01,24,13,08,05,04,27,17038,
11,25,22,20,05,15,30,17037,
01,24,10,05,15,02,27,17036,
01,28,24,14,12,06,32,17035,
04,32,19,08,13,07,33,17034,
05,23,20,15,15,07,30,17033,
05,27,24,15,11,08,31,17032,
06,27,26,16,03,10,29,17031,
01,23,20,09,02,07,30,17030,
02,25,23,21,10,15,30,17029,
07,22,13,12,09,08,30,17028,
02,27,14,11,05,04,30,17027,
03,27,19,12,08,10,30,17026,
02,22,17,16,07,15,32,17025,
09,29,26,25,13,21,31,17024,
01,18,11,04,14,03,22,17023,
02,18,16,15,15,06,32,17022,
02,32,22,10,09,05,33,17021,
04,31,12,10,10,08,33,17020,
04,23,12,08,08,06,25,17019,
01,25,17,03,09,02,31,17018,
03,22,10,08,12,07,23,17017,
05,27,22,16,02,08,29,17016,
01,17,14,09,01,08,32,17015,
06,23,20,18,13,08,31,17014,
08,31,29,28,06,11,33,17013,
10,16,15,14,07,11,24,17012,
10,26,23,12,16,11,29,17011,
05,28,25,19,07,08,30,17010,
02,15,09,08,14,06,29,17009,
07,28,27,15,13,13,29,17008,
02,26,24,05,15,04,33,17007,
02,29,26,08,08,04,33,17006,
06,23,22,12,05,11,30,17005,
05,27,26,17,07,13,30,17004,
01,27,15,08,16,04,32,17003,
15,25,24,23,03,19,32,17002,
09,25,20,14,15,11,26,17001,
07,25,24,16,06,09,29,16153,
02,20,16,09,07,08,22,16152,
06,22,20,16,07,11,33,16151,
02,13,09,05,05,04,21,16150,
03,32,26,23,07,20,33,16149,
01,26,20,11,14,02,30,16148,
04,31,28,18,12,14,32,16147,
03,17,16,15,10,07,23,16146,
01,19,12,07,06,03,20,16145,
04,32,27,12,05,10,33,16144,
06,25,24,23,13,09,33,16143,
01,23,21,17,12,10,30,16142,
04,21,17,15,15,13,24,16141,
01,26,17,05,10,02,32,16140,
01,28,26,19,03,06,30,16139,
07,25,24,20,07,16,30,16138,
01,15,10,09,14,06,32,16137,
02,27,20,10,03,07,29,16136,
02,20,18,10,12,08,33,16135,
11,18,14,13,13,12,33,16134,
15,27,22,21,15,16,33,16133,
05,27,19,13,07,08,28,16132,
04,25,19,18,02,10,27,16131,
03,27,23,21,01,17,28,16130,
05,31,21,08,14,06,33,16129,
04,26,17,11,13,09,27,16128,
07,29,26,17,16,12,31,16127,
02,18,17,12,10,06,19,16126,
01,27,20,08,03,06,30,16125,
09,27,24,21,10,15,32,16124,
07,20,14,12,16,09,27,16123,
15,28,24,23,08,22,29,16122,
02,25,23,10,09,03,28,16121,
02,25,21,06,09,05,28,16120,
09,31,30,21,04,19,32,16119,
09,31,23,22,14,14,33,16118,
03,28,17,14,02,10,33,16117,
07,27,23,20,13,18,31,16116,
06,26,22,20,09,08,27,16115,
05,27,22,20,09,16,29,16114,
01,20,17,16,14,11,26,16113,
06,18,15,14,12,12,25,16112,
02,15,14,07,04,04,32,16111,
05,32,31,28,08,07,33,16110,
09,27,16,15,05,11,33,16109,
02,19,08,07,16,03,26,16108,
06,27,26,18,01,11,32,16107,
04,25,22,13,04,05,30,16106,
08,28,27,19,16,10,31,16105,
05,30,18,11,04,09,31,16104,
01,24,19,13,11,05,27,16103,
05,17,14,10,13,08,30,16102,
01,32,24,19,01,03,33,16101,
03,27,23,22,04,10,29,16100,
01,27,23,21,06,11,33,16099,
02,31,29,25,06,08,32,16098,
06,28,26,25,01,13,31,16097,
06,22,21,14,16,13,24,16096,
01,18,12,09,12,05,32,16095,
06,18,12,10,10,07,31,16094,
06,25,17,15,09,09,27,16093,
02,24,23,15,06,13,29,16092,
04,23,22,14,07,08,28,16091,
02,21,20,17,07,13,26,16090,
01,31,30,14,08,03,32,16089,
03,25,18,16,15,14,33,16088,
02,14,11,10,12,03,21,16087,
09,15,12,11,05,10,32,16086,
01,21,20,19,16,12,25,16085,
02,24,18,12,05,04,26,16084,
09,30,24,17,04,16,31,16083,
06,17,15,14,09,12,20,16082,
02,30,25,15,07,06,32,16081,
01,25,24,17,14,16,32,16080,
01,24,12,10,02,03,28,16079,
02,26,23,08,02,04,29,16078,
01,20,19,17,10,09,29,16077,
07,30,22,13,01,08,32,16076,
01,29,16,06,07,03,32,16075,
06,20,12,11,12,10,25,16074,
09,16,15,12,13,11,20,16073,
05,24,22,19,02,16,25,16072,
19,29,28,26,01,21,32,16071,
03,23,18,11,01,06,29,16070,
08,21,20,11,11,10,27,16069,
08,31,28,23,01,19,32,16068,
09,27,20,18,04,13,31,16067,
03,19,18,13,05,07,20,16066,
13,26,25,22,14,16,27,16065,
03,19,17,14,03,12,26,16064,
16,28,23,18,07,17,32,16063,
12,19,18,15,09,13,21,16062,
05,20,18,08,08,06,32,16061,
04,29,26,22,08,05,32,16060,
04,25,20,12,15,11,28,16059,
03,24,20,18,11,05,32,16058,
07,23,22,19,11,12,26,16057,
03,16,11,08,14,04,18,16056,
05,22,16,10,11,06,26,16055,
06,28,19,16,04,11,32,16054,
02,29,12,10,01,08,31,16053,
01,24,19,13,16,06,28,16052,
01,15,09,04,12,02,33,16051,
09,29,28,24,02,12,30,16050,
06,22,14,13,10,08,27,16049,
03,15,14,13,04,08,30,16048,
02,17,15,08,16,05,22,16047,
07,27,26,25,14,20,30,16046,
04,30,17,12,03,09,32,16045,
01,18,12,10,01,03,30,16044,
05,30,26,20,12,14,33,16043,
07,26,23,17,09,14,31,16042,
12,22,21,18,04,17,24,16041,
03,23,20,19,03,13,26,16040,
01,19,18,07,16,03,27,16039,
03,28,22,13,03,12,29,16038,
06,32,31,26,16,15,33,16037,
03,20,09,07,03,04,22,16036,
04,26,20,19,11,13,29,16035,
03,23,22,21,15,15,28,16034,
06,27,20,18,15,17,29,16033,
08,21,15,14,15,12,27,16032,
03,26,19,10,03,08,33,16031,
10,25,22,19,12,14,29,16030,
12,21,20,18,15,15,27,16029,
06,25,21,12,01,08,29,16028,
11,19,17,15,05,13,31,16027,
04,30,28,12,01,09,33,16026,
04,24,17,12,12,11,30,16025,
02,18,14,07,13,05,31,16024,
03,25,19,10,07,06,29,16023,
04,23,22,19,07,09,30,16022,
09,24,22,13,05,11,26,16021,
01,22,12,10,10,02,24,16020,
06,23,17,16,10,13,30,16019,
12,21,17,14,04,13,25,16018,
05,22,20,08,05,06,30,16017,
01,25,24,22,16,20,26,16016,
01,25,22,14,07,02,26,16015,
02,20,18,10,07,08,27,16014,
07,26,22,21,01,12,31,16013,
07,27,16,14,15,12,32,16012,
03,22,15,10,12,08,29,16011,
02,19,14,12,06,04,25,16010,
10,27,25,24,04,14,32,16009,
02,32,29,24,02,15,33,16008,
05,27,20,14,06,12,29,16007,
13,28,20,18,12,16,31,16006,
11,31,20,18,14,14,33,16005,
08,25,22,17,12,10,33,16004,
01,26,23,14,01,10,28,16003,
09,24,20,17,16,14,30,16002,
06,20,18,16,13,13,22,16001,
07,18,15,11,07,09,25,15154,
08,27,22,15,03,11,29,15153,
11,29,21,19,12,18,32,15152,
05,31,23,08,11,06,32,15151,
01,29,11,08,13,03,31,15150,
09,22,21,20,09,10,33,15149,
09,26,22,14,07,13,27,15148,
08,24,23,16,05,09,30,15147,
16,30,28,21,15,17,32,15146,
07,20,19,15,13,08,24,15145,
01,28,15,07,16,04,32,15144,
13,21,20,19,04,15,32,15143,
13,22,20,19,11,17,25,15142,
03,27,25,19,02,08,28,15141,
06,30,29,28,12,20,31,15140,
01,25,18,13,09,10,27,15139,
01,19,16,08,11,02,24,15138,
14,28,27,23,12,22,31,15137,
02,28,23,12,01,05,29,15136,
01,26,18,14,07,12,32,15135,
02,27,19,14,04,05,31,15134,
02,22,20,13,15,03,24,15133,
03,30,28,11,01,05,33,15132,
10,22,19,13,03,12,26,15131,
06,17,16,15,10,14,22,15130,
05,18,16,11,04,08,27,15129,
01,22,11,08,06,03,28,15128,
07,27,22,19,06,10,33,15127,
10,23,20,15,12,11,29,15126,
05,30,27,22,10,13,33,15125,
02,18,12,05,01,03,27,15124,
05,22,12,09,07,08,28,15123,
05,22,16,11,07,07,25,15122,
01,28,21,20,12,03,29,15121,
16,27,26,24,16,21,29,15120,
02,23,18,10,08,08,31,15119,
01,23,21,11,12,04,31,15118,
04,26,18,12,12,11,32,15117,
04,26,23,15,11,06,28,15116,
01,24,14,08,03,07,32,15115,
04,21,13,09,01,07,26,15114,
01,19,08,07,12,05,27,15113,
01,20,19,10,11,03,27,15112,
08,20,18,16,12,14,30,15111,
05,22,17,16,04,07,23,15110,
01,32,16,09,13,08,33,15109,
02,24,22,19,15,12,27,15108,
07,21,18,16,08,14,25,15107,
01,31,23,04,13,03,32,15106,
09,20,19,16,12,10,26,15105,
09,25,23,21,01,18,26,15104,
06,30,26,13,14,08,32,15103,
07,21,14,12,06,09,23,15102,
08,28,24,22,05,16,29,15101,
02,19,17,11,08,03,21,15100,
06,14,11,10,09,07,22,15099,
06,27,26,13,01,09,33,15098,
09,26,20,14,04,12,27,15097,
06,24,23,17,07,16,31,15096,
04,30,28,21,04,15,31,15095,
01,16,13,06,10,04,17,15094,
01,25,21,13,08,03,31,15093,
09,26,21,19,01,15,27,15092,
05,22,19,17,11,07,31,15091,
10,25,22,14,15,12,33,15090,
12,28,27,19,01,14,29,15089,
02,29,24,20,09,12,31,15088,
09,20,19,16,11,15,28,15087,
05,18,16,08,12,06,22,15086,
02,28,27,25,05,08,29,15085,
15,28,22,20,15,18,29,15084,
06,29,18,16,05,07,32,15083,
02,28,14,09,07,08,30,15082,
13,28,26,22,13,20,31,15081,
14,28,27,25,02,17,30,15080,
09,26,20,15,11,14,32,15079,
03,26,22,20,02,07,29,15078,
01,13,10,08,16,06,27,15077,
01,23,19,10,09,09,27,15076,
06,21,19,13,04,11,32,15075,
04,26,25,21,08,07,29,15074,
01,26,22,17,04,02,27,15073,
01,21,20,05,05,03,31,15072,
08,29,28,20,08,18,31,15071,
01,21,19,13,15,07,29,15070,
01,23,18,17,15,13,30,15069,
06,26,21,18,10,15,27,15068,
02,25,24,08,14,05,31,15067,
05,24,17,11,16,08,28,15066,
08,26,19,14,12,10,29,15065,
11,23,17,14,01,12,27,15064,
01,22,16,09,12,07,32,15063,
09,21,18,15,16,14,26,15062,
06,32,26,22,04,18,33,15061,
01,31,27,18,13,03,32,15060,
02,25,16,09,14,06,32,15059,
02,19,18,10,15,09,20,15058,
09,26,25,24,04,20,32,15057,
01,18,16,08,14,07,20,15056,
01,19,18,15,02,10,28,15055,
01,22,10,07,07,02,26,15054,
03,32,22,17,10,07,33,15053,
02,25,16,11,12,04,26,15052,
04,28,26,24,09,10,32,15051,
03,17,16,12,04,09,31,15050,
07,20,17,14,05,12,23,15049,
13,25,22,17,10,16,27,15048,
02,26,24,20,09,03,27,15047,
05,23,14,10,01,07,31,15046,
01,30,22,13,07,05,31,15045,
02,14,13,04,02,03,16,15044,
11,26,24,15,15,12,27,15043,
09,23,21,19,08,10,32,15042,
04,21,17,11,06,09,25,15041,
13,30,27,18,16,16,32,15040,
01,29,26,15,12,13,30,15039,
05,14,12,11,14,06,33,15038,
05,28,18,12,03,07,31,15037,
04,26,17,16,03,06,33,15036,
01,24,22,09,03,08,33,15035,
12,20,18,17,13,13,27,15034,
03,31,29,21,05,06,32,15033,
11,29,18,16,16,14,32,15032,
01,26,22,07,11,05,32,15031,
08,16,15,14,07,11,26,15030,
07,21,19,15,07,14,28,15029,
04,27,26,10,14,07,28,15028,
05,26,16,09,07,07,29,15027,
02,22,21,17,13,13,33,15026,
10,27,15,12,14,11,32,15025,
09,23,18,16,10,11,24,15024,
08,29,13,10,01,09,30,15023,
04,23,16,10,10,07,25,15022,
14,27,17,16,08,15,28,15021,
01,22,19,07,04,04,23,15020,
02,25,19,11,04,06,26,15019,
06,28,14,12,09,09,29,15018,
13,27,25,20,12,18,33,15017,
02,17,15,10,13,06,31,15016,
01,25,24,20,04,07,33,15015,
02,27,19,16,11,12,30,15014,
08,26,25,24,01,09,29,15013,
03,29,23,22,06,05,31,15012,
04,18,17,15,15,14,20,15011,
01,21,08,03,09,02,31,15010,
04,21,17,14,14,07,25,15009,
04,20,16,10,03,07,22,15008,
01,20,17,09,08,07,33,15007,
01,31,29,11,13,10,33,15006,
07,18,17,16,15,10,32,15005,
02,23,16,15,10,14,24,15004,
10,24,23,20,15,15,31,15003,
07,28,25,16,05,15,32,15002,
01,20,16,09,06,07,23,15001,
08,21,20,15,12,13,25,14152,
04,21,11,08,08,05,27,14151,
03,24,22,14,09,08,32,14150,
07,19,15,10,01,09,33,14149,
01,15,12,05,13,02,16,14148,
06,31,26,22,10,07,32,14147,
01,29,20,13,01,06,32,14146,
10,26,23,13,11,12,29,14145,
03,10,09,06,14,05,27,14144,
03,25,20,18,16,12,26,14143,
06,25,23,22,13,21,28,14142,
08,21,16,11,10,09,24,14141,
06,17,14,11,06,10,33,14140,
01,25,20,15,11,14,29,14139,
04,31,29,13,13,06,33,14138,
03,25,11,09,09,06,29,14137,
03,31,27,19,10,16,32,14136,
02,25,13,11,01,04,33,14135,
05,26,23,22,02,16,28,14134,
13,30,23,16,13,14,31,14133,
05,18,15,14,08,06,33,14132,
05,28,22,21,14,17,32,14131,
01,30,24,10,10,02,33,14130,
05,28,20,09,02,08,32,14129,
05,18,17,08,14,07,24,14128,
02,23,21,12,12,10,27,14127,
06,22,17,16,01,11,27,14126,
10,31,26,15,06,11,32,14125,
02,31,24,20,04,17,33,14124,
01,28,17,11,05,06,33,14123,
06,20,16,11,11,09,29,14122,
01,28,22,13,09,02,30,14121,
01,23,16,12,04,07,28,14120,
06,26,20,17,09,13,29,14119,
05,26,18,15,03,07,30,14118,
05,28,25,17,04,10,29,14117,
09,19,15,14,16,10,29,14116,
01,13,11,10,03,09,32,14115,
02,32,30,23,10,07,33,14114,
12,32,31,28,07,14,33,14113,
01,24,21,16,03,15,30,14112,
02,22,20,17,02,08,28,14111,
01,19,13,11,06,08,30,14110,
02,19,15,11,02,05,28,14109,
03,23,20,09,02,08,28,14108,
11,25,22,17,16,14,27,14107,
09,21,18,17,15,14,25,14106,
14,27,19,17,04,16,32,14105,
02,27,19,12,13,06,28,14104,
03,18,10,09,04,08,33,14103,
14,28,24,21,13,16,31,14102,
16,24,23,20,07,18,32,14101,
01,14,10,09,11,06,16,14100,
01,13,11,10,14,05,32,14099,
02,29,20,17,07,13,31,14098,
07,27,25,24,15,13,32,14097,
12,22,19,17,08,14,24,14096,
05,22,14,08,08,06,31,14095,
01,23,20,18,01,10,29,14094,
02,20,10,09,05,08,29,14093,
03,22,19,18,07,13,26,14092,
01,27,19,12,14,05,29,14091,
05,24,19,11,13,09,32,14090,
04,27,17,14,09,06,30,14089,
03,16,14,11,15,06,29,14088,
06,32,23,22,06,18,33,14087,
02,14,12,10,08,04,30,14086,
01,23,19,11,08,02,29,14085,
01,13,10,09,08,06,25,14084,
05,23,21,19,12,06,33,14083,
02,26,25,20,11,04,29,14082,
08,27,24,22,10,14,29,14081,
05,25,17,16,07,14,30,14080,
02,27,22,16,02,07,28,14079,
02,09,06,05,07,03,17,14078,
08,19,15,12,10,09,22,14077,
06,18,17,12,11,10,33,14076,
03,27,22,11,06,09,29,14075,
01,30,13,06,12,03,31,14074,
01,30,20,16,02,12,33,14073,
01,19,13,07,16,03,32,14072,
02,22,17,12,14,04,25,14071,
01,28,19,09,07,07,29,14070,
05,25,19,17,11,12,30,14069,
04,27,22,13,16,12,29,14068,
01,18,17,07,06,06,23,14067,
02,18,17,15,16,05,21,14066,
03,10,08,05,06,04,22,14065,
02,29,16,15,14,09,32,14064,
03,22,21,17,16,08,31,14063,
06,25,24,15,09,09,26,14062,
02,28,27,17,08,14,31,14061,
03,25,18,14,06,05,33,14060,
05,23,13,12,13,08,25,14059,
02,14,13,12,11,03,25,14058,
02,23,18,12,08,04,31,14057,
01,28,20,18,01,11,29,14056,
02,21,19,14,04,09,30,14055,
01,29,11,05,14,04,30,14054,
14,26,22,19,02,17,31,14053,
09,30,28,15,08,13,33,14052,
10,23,21,19,13,16,24,14051,
03,26,25,23,13,17,32,14050,
06,23,17,16,06,07,32,14049,
06,24,17,16,16,09,25,14048,
08,19,12,11,15,10,29,14047,
02,18,17,11,10,10,22,14046,
02,19,11,09,15,04,22,14045,
04,28,27,21,12,09,33,14044,
02,24,14,09,09,05,33,14043,
12,28,25,20,14,15,33,14042,
07,21,18,16,02,11,22,14041,
03,12,11,06,08,04,15,14040,
03,20,19,15,07,11,31,14039,
04,24,23,22,16,07,33,14038,
06,25,24,14,07,13,30,14037,
01,11,09,08,03,07,22,14036,
07,32,17,09,06,08,33,14035,
01,25,08,04,06,03,31,14034,
05,32,28,23,12,13,33,14033,
01,29,22,14,07,02,33,14032,
04,21,17,16,14,10,27,14031,
12,24,23,19,10,18,30,14030,
02,21,16,14,14,07,29,14029,
06,30,27,21,05,16,32,14028,
08,30,16,14,01,10,31,14027,
01,11,06,05,14,02,23,14026,
01,16,14,10,16,05,30,14025,
08,23,20,16,09,10,30,14024,
07,21,17,13,10,09,22,14023,
04,21,10,07,16,06,26,14022,
08,22,17,15,12,10,29,14021,
09,24,23,17,15,14,25,14020,
02,20,19,15,07,10,21,14019,
13,30,21,18,15,17,33,14018,
04,25,14,07,10,06,26,14017,
02,21,13,07,08,03,24,14016,
02,32,30,19,09,11,33,14015,
04,25,22,19,15,09,29,14014,
05,17,15,13,13,09,21,14013,
01,21,19,11,08,08,24,14012,
09,21,14,13,02,10,32,14011,
05,31,20,08,11,07,33,14010,
08,25,20,19,16,09,32,14009,
05,29,21,16,12,14,30,14008,
08,18,14,12,14,10,28,14007,
03,21,17,07,14,04,27,14006,
15,32,27,23,04,18,33,14005,
01,24,22,19,15,04,25,14004,
06,30,28,11,12,10,33,14003,
04,32,31,23,04,21,33,14002,
03,27,20,15,01,09,29,14001,
07,24,19,14,05,11,29,13154,
08,28,18,13,10,11,33,13153,
04,18,16,14,05,06,29,13152,
03,28,19,10,09,09,33,13151,
01,26,25,16,10,15,29,13150,
09,30,26,25,11,18,32,13149,
06,17,14,12,01,11,22,13148,
02,19,17,16,08,15,30,13147,
08,32,30,25,01,20,33,13146,
06,23,16,13,15,10,24,13145,
05,27,19,12,02,07,31,13144,
12,27,22,21,11,18,32,13143,
11,22,20,14,14,12,29,13142,
03,30,25,05,04,04,31,13141,
01,21,13,12,10,05,22,13140,
07,21,13,11,08,08,27,13139,
04,27,24,16,03,15,28,13138,
04,24,23,19,10,17,27,13137,
04,18,16,14,06,06,26,13136,
09,29,25,24,12,23,31,13135,
01,25,19,18,10,17,29,13134,
04,22,19,12,01,07,25,13133,
20,25,23,22,12,21,27,13132,
04,19,17,12,09,06,26,13131,
01,31,16,15,08,03,33,13130,
05,27,14,10,14,06,31,13129,
07,25,19,17,08,13,31,13128,
02,22,20,13,14,03,33,13127,
04,31,27,19,16,10,33,13126,
04,25,18,08,16,06,28,13125,
03,25,23,15,07,09,30,13124,
01,17,11,06,02,02,25,13123,
07,26,15,13,11,10,27,13122,
04,25,07,06,07,05,27,13121,
05,23,18,13,11,06,31,13120,
05,26,22,20,09,15,32,13119,
02,32,22,17,16,03,33,13118,
09,27,24,13,16,12,33,13117,
12,32,26,21,07,15,33,13116,
03,18,17,16,08,12,27,13115,
04,23,21,17,07,06,33,13114,
04,24,17,11,09,07,33,13113,
01,22,13,12,07,06,31,13112,
01,08,06,03,13,02,33,13111,
15,29,21,18,13,17,32,13110,
09,29,27,24,08,23,32,13109,
16,31,28,22,05,21,32,13108,
07,28,17,11,11,09,31,13107,
09,31,30,23,06,11,32,13106,
01,31,27,23,09,11,32,13105,
01,17,15,04,11,02,28,13104,
02,18,13,09,07,04,20,13103,
02,08,06,05,03,04,16,13102,
05,27,23,09,01,07,32,13101,
04,16,14,11,11,08,20,13100,
05,26,21,20,03,11,31,13099,
07,20,19,18,14,15,26,13098,
05,23,22,17,07,14,25,13097,
01,29,28,22,15,02,30,13096,
01,28,19,15,10,06,29,13095,
02,20,18,14,07,04,22,13094,
01,29,26,08,14,02,31,13093,
07,26,21,15,06,11,31,13092,
04,28,25,24,10,14,31,13091,
02,24,23,11,08,05,29,13090,
04,21,19,12,13,08,25,13089,
09,22,21,20,14,15,24,13088,
02,24,23,19,05,13,28,13087,
02,16,13,11,11,04,26,13086,
02,16,14,12,16,08,32,13085,
05,20,11,09,03,07,21,13084,
05,19,14,12,09,06,23,13083,
04,22,20,14,06,13,30,13082,
01,21,13,10,13,04,31,13081,
10,28,23,12,16,11,32,13080,
07,22,19,17,13,13,26,13079,
03,26,18,17,15,05,27,13078,
09,26,24,23,03,14,29,13077,
14,29,26,24,03,23,30,13076,
04,30,25,09,14,06,33,13075,
03,19,14,08,03,06,32,13074,
02,20,17,13,11,09,28,13073,
02,19,14,11,09,08,33,13072,
05,26,23,21,09,12,28,13071,
02,28,10,09,06,03,30,13070,
07,30,18,17,06,16,33,13069,
02,25,20,13,06,07,27,13068,
01,22,15,09,06,04,30,13067,
01,20,17,16,07,03,32,13066,
07,29,23,19,02,18,30,13065,
01,25,22,13,12,09,32,13064,
10,23,20,18,12,15,31,13063,
01,22,19,07,02,06,27,13062,
05,13,12,07,12,06,18,13061,
05,19,13,10,15,07,20,13060,
03,27,24,18,09,10,29,13059,
08,23,21,17,05,11,24,13058,
13,26,23,19,05,16,28,13057,
03,28,26,25,16,12,29,13056,
08,27,22,19,06,18,32,13055,
03,21,14,08,14,04,28,13054,
03,30,22,13,14,12,33,13053,
06,22,21,14,13,07,24,13052,
08,28,19,15,02,12,29,13051,
03,22,18,13,03,07,25,13050,
10,21,16,14,14,13,32,13049,
10,30,28,17,04,13,32,13048,
01,27,17,11,12,08,30,13047,
03,24,20,19,06,16,26,13046,
06,23,14,08,12,07,31,13045,
03,26,18,11,06,05,28,13044,
03,17,15,14,16,06,25,13043,
01,15,13,12,03,08,33,13042,
02,23,17,12,05,10,24,13041,
02,17,12,10,10,04,30,13040,
01,24,15,14,06,02,29,13039,
09,15,14,12,11,10,19,13038,
02,28,27,18,14,15,32,13037,
04,29,27,09,13,05,31,13036,
01,26,17,15,02,14,30,13035,
06,26,22,20,09,15,33,13034,
05,19,17,13,01,06,28,13033,
04,30,29,25,03,21,33,13032,
03,21,15,14,03,13,33,13031,
07,26,25,18,06,14,29,13030,
06,23,19,10,12,07,29,13029,
07,26,25,14,13,08,28,13028,
01,21,12,04,12,02,24,13027,
04,22,15,14,11,11,31,13026,
16,25,24,18,08,17,30,13025,
04,27,23,13,09,05,30,13024,
03,30,18,15,05,06,32,13023,
02,15,09,07,07,04,20,13022,
01,26,19,17,11,06,31,13021,
01,16,12,08,01,07,21,13020,
01,20,16,05,06,02,26,13019,
02,29,28,13,05,08,30,13018,
04,31,30,12,09,06,32,13017,
02,14,12,06,05,05,28,13016,
05,13,11,07,15,06,18,13015,
02,19,17,05,08,04,20,13014,
05,22,19,13,09,06,28,13013,
06,28,22,17,02,14,29,13012,
03,27,24,17,09,12,29,13011,
01,32,17,11,12,09,33,13010,
01,16,13,09,02,04,23,13009,
03,25,21,17,15,08,32,13008,
02,26,22,15,01,09,32,13007,
09,22,17,13,13,10,30,13006,
01,31,25,14,12,13,32,13005,
06,27,20,16,08,10,32,13004,
22,28,27,26,09,23,33,13003,
01,28,22,18,12,16,30,13002,
06,24,15,14,06,08,25,13001,
05,28,16,12,04,07,32,12154,
04,27,21,11,10,05,28,12153,
10,28,22,18,07,12,29,12152,
05,26,25,24,01,14,32,12151,
09,24,23,17,07,11,26,12150,
01,26,25,13,13,05,32,12149,
03,21,17,11,07,06,31,12148,
02,24,23,15,09,12,32,12147,
01,29,13,07,13,05,32,12146,
05,28,27,26,03,20,33,12145,
03,27,13,12,04,10,30,12144,
07,30,25,18,06,08,32,12143,
05,29,28,22,06,18,31,12142,
03,20,19,08,09,05,27,12141,
14,31,30,27,15,18,33,12140,
08,28,24,21,15,19,31,12139,
01,19,17,16,14,07,21,12138,
01,13,06,04,07,02,17,12137,
02,21,17,08,11,07,28,12136,
02,11,08,07,16,05,17,12135,
02,13,07,06,15,05,23,12134,
01,21,20,11,02,08,29,12133,
07,21,17,16,10,12,25,12132,
06,28,26,19,12,18,32,12131,
01,22,20,15,03,03,31,12130,
01,21,17,09,01,07,29,12129,
05,30,29,12,05,09,31,12128,
01,26,21,11,08,09,32,12127,
03,23,15,12,07,05,24,12126,
08,29,26,13,01,12,33,12125,
06,27,25,21,11,07,33,12124,
08,28,25,16,09,10,33,12123,
12,28,22,19,11,13,29,12122,
01,23,20,08,11,07,24,12121,
01,28,24,20,16,04,29,12120,
12,27,26,25,13,20,28,12119,
05,15,12,07,11,06,28,12118,
13,24,20,18,09,15,28,12117,
03,31,29,26,03,21,32,12116,
03,26,24,20,14,08,32,12115,
01,27,26,11,15,06,29,12114,
03,18,13,09,06,06,32,12113,
08,27,21,20,06,15,31,12112,
02,22,20,10,13,09,31,12111,
03,22,13,10,09,07,32,12110,
02,29,26,24,03,12,31,12109,
01,19,13,12,13,09,28,12108,
11,25,24,15,09,12,31,12107,
13,23,22,20,16,14,32,12106,
06,17,15,14,04,13,30,12105,
04,19,10,09,03,05,28,12104,
04,32,14,11,02,09,33,12103,
13,29,28,27,15,25,30,12102,
09,20,18,17,02,12,33,12101,
05,25,18,15,10,07,33,12100,
08,21,16,15,16,12,27,12099,
02,29,26,19,09,12,31,12098,
05,19,14,13,06,08,22,12097,
04,29,16,11,07,07,33,12096,
17,29,28,27,02,24,30,12095,
06,23,16,14,15,09,33,12094,
03,24,21,19,13,05,33,12093,
06,28,18,17,03,13,32,12092,
01,19,08,07,16,05,21,12091,
02,29,25,20,11,13,30,12090,
03,14,13,10,11,07,25,12089,
03,27,24,23,15,05,31,12088,
03,14,13,11,09,10,22,12087,
08,22,15,13,08,09,23,12086,
05,31,30,24,05,17,33,12085,
02,28,26,20,14,10,29,12084,
04,26,15,14,04,09,33,12083,
02,22,18,11,06,04,29,12082,
02,25,24,10,06,05,29,12081,
04,16,15,14,03,09,27,12080,
06,30,24,12,12,07,33,12079,
08,28,24,22,12,15,33,12078,
02,26,18,13,12,04,28,12077,
11,29,27,22,15,18,30,12076,
04,29,23,22,11,06,32,12075,
15,28,19,18,08,16,32,12074,
04,17,10,09,05,07,27,12073,
02,13,09,07,06,03,30,12072,
03,22,21,19,08,04,23,12071,
02,31,24,04,11,03,32,12070,
08,20,18,11,06,10,29,12069,
05,32,26,22,10,17,33,12068,
04,26,21,10,16,05,30,12067,
01,29,26,09,12,02,33,12066,
08,27,19,18,14,10,31,12065,
05,23,16,11,11,10,24,12064,
02,24,19,17,12,10,27,12063,
02,20,17,16,07,13,31,12062,
03,14,12,11,14,08,18,12061,
07,17,16,13,01,10,29,12060,
04,26,22,21,01,13,31,12059,
03,25,20,15,04,06,26,12058,
03,27,21,19,04,05,31,12057,
04,26,17,14,10,07,31,12056,
04,24,20,13,01,06,28,12055,
06,30,20,18,14,14,33,12054,
04,27,25,22,04,15,33,12053,
02,20,06,05,04,03,24,12052,
02,30,17,14,09,12,31,12051,
07,19,17,15,11,13,24,12050,
04,20,19,13,02,12,32,12049,
01,24,22,14,10,05,30,12048,
06,32,16,11,11,07,33,12047,
04,23,20,19,06,12,33,12046,
08,27,21,20,09,11,30,12045,
06,22,14,10,03,09,25,12044,
02,26,21,11,03,09,33,12043,
05,24,19,11,16,06,28,12042,
08,24,20,15,02,11,32,12041,
03,25,22,09,10,08,31,12040,
01,22,13,05,08,02,29,12039,
09,19,15,11,16,10,33,12038,
05,28,24,19,09,14,33,12037,
02,19,18,13,09,11,26,12036,
09,24,21,12,05,11,26,12035,
02,32,23,08,16,03,33,12034,
02,17,16,15,04,03,27,12033,
01,22,17,10,04,02,24,12032,
04,27,24,22,03,16,31,12031,
09,21,18,17,08,10,31,12030,
04,26,25,15,03,07,28,12029,
10,28,21,20,11,15,30,12028,
04,30,25,22,12,16,31,12027,
03,24,15,09,16,07,25,12026,
03,25,17,09,06,08,27,12025,
04,25,21,19,13,12,28,12024,
05,24,23,15,02,09,33,12023,
04,26,24,12,04,08,27,12022,
01,22,18,16,03,15,30,12021,
03,23,18,12,11,08,29,12020,
07,22,20,18,16,14,30,12019,
03,26,22,06,15,05,32,12018,
06,25,19,14,10,09,28,12017,
02,22,17,12,08,05,25,12016,
01,21,10,06,15,03,23,12015,
01,28,16,05,12,02,30,12014,
06,30,29,24,13,08,32,12013,
15,23,20,18,01,17,27,12012,
04,20,16,15,05,14,26,12011,
01,25,19,13,10,03,26,12010,
04,27,26,24,11,16,33,12009,
01,24,23,20,08,12,29,12008,
10,28,27,19,04,17,32,12007,
02,32,29,25,08,22,33,12006,
07,31,27,18,06,09,33,12005,
01,21,11,10,16,05,23,12004,
03,29,24,08,09,06,31,12003,
02,10,09,07,13,03,32,12002,
01,15,09,05,06,04,17,12001,
05,20,10,09,13,08,25,11153,
04,21,12,11,13,10,26,11152,
07,31,19,16,10,11,33,11151,
08,22,15,12,13,10,27,11150,
04,23,07,06,16,05,31,11149,
05,25,23,22,14,14,26,11148,
04,18,17,12,10,08,30,11147,
11,32,28,26,10,23,33,11146,
02,26,15,14,04,04,30,11145,
01,16,10,09,03,02,24,11144,
07,15,14,12,16,08,30,11143,
12,29,26,16,02,15,31,11142,
02,24,19,06,11,04,29,11141,
04,27,22,20,06,18,29,11140,
08,30,27,24,03,20,31,11139,
01,28,24,15,07,05,32,11138,
02,30,23,18,13,11,33,11137,
02,22,20,06,07,04,31,11136,
12,25,20,17,12,13,26,11135,
01,30,07,06,10,02,31,11134,
12,25,21,20,16,14,31,11133,
02,25,13,12,07,05,33,11132,
02,21,17,09,01,07,25,11131,
07,25,23,18,15,14,32,11130,
07,23,21,11,06,10,26,11129,
09,19,17,14,12,11,23,11128,
16,27,23,22,11,19,29,11127,
03,23,18,13,16,07,26,11126,
03,27,24,15,08,10,32,11125,
09,31,26,19,16,18,32,11124,
01,19,14,05,16,04,28,11123,
10,27,26,18,03,12,31,11122,
04,32,25,22,02,14,33,11121,
04,30,28,17,07,14,33,11120,
09,28,19,14,01,12,32,11119,
05,20,14,11,10,06,21,11118,
08,28,26,19,04,10,30,11117,
01,17,12,11,05,07,27,11116,
07,17,12,09,16,08,33,11115,
01,30,16,15,09,14,32,11114,
06,32,25,11,05,10,33,11113,
03,23,18,16,15,05,24,11112,
01,25,20,05,04,03,27,11111,
12,28,26,21,12,14,33,11110,
01,16,15,09,15,03,33,11109,
02,29,26,22,10,17,33,11108,
04,22,17,16,15,09,29,11107,
02,24,14,12,14,11,32,11106,
04,27,25,23,01,06,28,11105,
09,25,20,16,09,10,29,11104,
04,15,13,10,12,05,16,11103,
01,27,21,13,11,05,31,11102,
06,29,23,19,06,10,31,11101,
07,31,23,21,05,11,32,11100,
10,26,21,13,14,12,27,11099,
03,22,21,20,05,07,32,11098,
09,21,20,19,16,17,26,11097,
01,14,13,07,15,04,19,11096,
03,23,10,08,05,07,24,11095,
09,18,17,12,05,11,19,11094,
04,23,13,11,09,07,30,11093,
05,31,26,17,04,10,32,11092,
09,28,23,21,03,15,30,11091,
02,21,18,14,16,05,25,11090,
01,29,24,11,12,02,30,11089,
03,21,20,17,04,09,29,11088,
02,18,05,04,01,03,28,11087,
06,17,12,09,09,07,24,11086,
03,24,21,11,10,06,31,11085,
09,18,16,12,15,10,32,11084,
07,28,24,18,06,16,29,11083,
07,25,20,17,04,16,26,11082,
06,25,23,19,12,14,32,11081,
02,31,25,09,09,07,32,11080,
03,24,16,15,05,14,29,11079,
03,22,20,13,09,05,29,11078,
01,26,15,08,10,07,29,11077,
06,32,26,21,13,19,33,11076,
07,31,12,10,13,09,32,11075,
02,29,28,26,01,21,32,11074,
03,17,12,05,14,04,21,11073,
01,18,11,10,12,06,27,11072,
01,28,22,15,02,02,30,11071,
01,21,12,05,12,03,28,11070,
02,24,18,16,12,13,30,11069,
03,19,15,10,10,07,24,11068,
17,25,24,20,12,19,27,11067,
04,30,17,14,12,06,32,11066,
04,27,25,23,03,16,29,11065,
03,30,29,07,02,06,33,11064,
04,18,15,13,05,06,19,11063,
04,29,10,09,03,08,30,11062,
02,19,13,08,03,03,21,11061,
10,27,21,13,01,11,31,11060,
24,31,29,27,16,26,33,11059,
07,32,30,22,06,18,33,11058,
04,26,21,20,02,06,33,11057,
13,23,20,19,10,16,25,11056,
08,29,17,16,16,13,32,11055,
08,22,17,16,08,11,33,11054,
03,22,12,10,15,06,30,11053,
04,27,19,08,08,05,28,11052,
01,15,14,11,14,07,16,11051,
04,28,22,19,15,05,29,11050,
01,27,18,17,14,11,31,11049,
10,26,25,18,15,14,27,11048,
04,27,25,23,14,13,33,11047,
09,29,26,18,08,17,30,11046,
02,26,20,17,08,16,32,11045,
03,27,26,16,09,14,31,11044,
04,25,17,14,04,13,31,11043,
05,19,17,15,15,13,21,11042,
04,30,13,12,13,10,32,11041,
05,26,24,14,13,11,28,11040,
03,24,16,10,13,07,29,11039,
02,23,19,15,12,14,24,11038,
01,17,06,04,11,03,25,11037,
02,24,22,20,05,11,31,11036,
13,27,20,18,02,14,31,11035,
13,24,19,17,08,14,31,11034,
02,19,13,12,04,08,29,11033,
03,14,13,07,15,05,15,11032,
16,29,28,24,12,17,32,11031,
02,25,24,19,10,09,33,11030,
01,20,10,09,07,04,31,11029,
01,16,14,05,01,04,17,11028,
13,25,22,21,01,18,26,11027,
07,21,19,17,12,08,26,11026,
08,32,31,26,09,25,33,11025,
05,26,19,10,14,07,31,11024,
02,22,21,06,05,03,25,11023,
02,17,16,14,05,07,21,11022,
01,25,18,14,08,02,31,11021,
12,24,19,17,05,16,30,11020,
02,32,19,12,16,04,33,11019,
13,30,28,18,01,15,33,11018,
02,26,23,15,08,06,33,11017,
03,22,17,16,13,04,29,11016,
03,27,26,13,07,06,29,11015,
05,23,11,10,16,07,26,11014,
01,21,16,13,08,03,22,11013,
07,15,13,11,13,08,26,11012,
01,21,19,18,10,12,24,11011,
01,15,09,05,13,04,19,11010,
17,25,24,23,04,18,26,11009,
10,24,17,13,15,12,31,11008,
01,26,24,17,05,09,31,11007,
01,16,13,05,05,03,18,11006,
06,20,14,12,13,09,22,11005,
04,13,10,08,05,06,26,11004,
13,23,22,21,04,14,27,11003,
06,28,17,12,05,08,33,11002,
03,26,24,20,10,09,32,11001,
03,30,19,12,13,06,31,10153,
04,25,21,17,01,09,31,10152,
02,19,17,14,14,13,26,10151,
02,29,23,18,06,17,30,10150,
02,25,16,08,09,07,30,10149,
01,23,18,07,12,03,27,10148,
02,24,18,15,03,08,30,10147,
01,25,22,18,01,17,32,10146,
03,28,27,24,08,21,31,10145,
02,19,15,08,11,03,21,10144,
09,30,26,18,14,16,31,10143,
02,26,23,18,10,16,27,10142,
02,23,18,07,06,03,27,10141,
01,26,18,13,15,12,29,10140,
11,26,20,18,09,13,31,10139,
01,26,24,23,05,21,30,10138,
07,19,13,10,06,09,33,10137,
04,26,24,23,10,10,33,10136,
04,26,25,13,10,10,30,10135,
09,27,22,16,06,15,28,10134,
03,26,21,17,01,09,32,10133,
02,24,18,12,15,10,33,10132,
05,19,16,15,06,06,26,10131,
01,21,15,07,16,02,31,10130,
04,28,25,14,16,08,32,10129,
04,24,20,19,12,11,28,10128,
01,25,17,08,01,04,33,10127,
03,27,20,18,05,13,28,10126,
06,28,23,13,09,07,29,10125,
02,12,11,08,02,06,25,10124,
06,29,18,15,10,12,32,10123,
02,25,16,12,06,09,27,10122,
08,25,18,13,15,11,30,10121,
01,10,06,05,16,02,29,10120,
07,30,27,25,09,17,31,10119,
05,15,13,11,05,08,25,10118,
01,24,22,20,01,08,28,10117,
05,22,20,10,07,09,26,10116,
01,29,25,24,15,22,33,10115,
01,17,15,11,01,08,25,10114,
05,20,18,15,10,10,28,10113,
01,29,24,18,16,08,30,10112,
04,17,13,08,10,07,18,10111,
01,26,24,12,01,03,27,10110,
04,29,25,18,15,15,32,10109,
02,23,20,08,07,04,24,10108,
08,22,17,15,16,12,33,10107,
02,26,15,08,16,06,29,10106,
01,21,19,09,11,08,31,10105,
07,27,24,23,02,17,32,10104,
06,20,17,14,09,09,33,10103,
04,22,20,16,10,11,29,10102,
04,25,21,18,06,09,26,10101,
01,23,22,12,08,06,26,10100,
03,27,24,17,06,04,30,10099,
01,29,16,08,07,03,33,10098,
10,24,21,18,01,16,26,10097,
07,24,23,21,03,12,28,10096,
09,25,17,16,14,11,27,10095,
03,31,27,07,10,05,32,10094,
09,32,28,19,06,10,33,10093,
03,28,27,19,02,13,30,10092,
06,22,20,16,16,13,24,10091,
01,25,15,10,14,06,31,10090,
07,23,16,09,01,08,26,10089,
05,27,23,15,12,06,30,10088,
01,25,17,16,10,08,30,10087,
05,30,29,28,08,21,31,10086,
01,24,13,12,08,08,27,10085,
02,20,18,14,03,10,30,10084,
02,23,22,21,12,20,31,10083,
01,27,14,13,02,08,31,10082,
02,26,24,09,05,03,27,10081,
08,16,14,13,16,10,23,10080,
08,18,14,12,02,11,22,10079,
01,17,11,09,12,03,23,10078,
02,21,20,14,09,08,24,10077,
01,31,29,14,15,12,32,10076,
05,15,13,12,14,09,22,10075,
02,19,18,17,15,10,29,10074,
01,27,23,20,02,16,31,10073,
06,30,23,22,01,08,31,10072,
05,20,17,14,01,13,26,10071,
08,31,27,23,07,13,33,10070,
12,24,22,20,11,14,32,10069,
03,23,20,18,13,13,28,10068,
01,21,14,10,01,07,25,10067,
01,31,22,21,07,03,32,10066,
02,30,17,08,12,07,32,10065,
08,30,26,25,11,14,31,10064,
02,23,17,10,03,06,24,10063,
11,31,20,15,03,13,33,10062,
02,22,19,16,12,04,26,10061,
01,22,18,15,09,08,27,10060,
01,18,12,11,10,09,30,10059,
01,19,17,11,12,04,29,10058,
05,25,19,12,05,11,32,10057,
01,13,08,03,07,02,32,10056,
02,20,19,13,08,03,23,10055,
01,14,12,08,06,06,25,10054,
03,28,27,24,14,22,30,10053,
01,27,23,19,10,02,29,10052,
04,28,27,23,03,17,32,10051,
07,28,26,22,11,21,30,10050,
01,27,26,10,02,06,28,10049,
01,23,10,08,02,06,33,10048,
03,21,20,13,15,10,32,10047,
11,27,23,21,05,12,32,10046,
02,20,13,04,01,03,29,10045,
03,27,23,21,05,09,31,10044,
04,28,22,19,04,10,33,10043,
03,31,20,11,10,06,32,10042,
03,25,19,13,12,05,29,10041,
12,30,25,24,11,19,32,10040,
08,25,23,21,12,17,32,10039,
01,13,11,07,01,06,16,10038,
03,24,21,19,06,16,26,10037,
06,29,28,14,08,13,30,10036,
09,19,18,11,10,10,21,10035,
06,25,22,13,12,11,32,10034,
08,25,12,11,09,10,29,10033,
08,29,28,21,08,18,33,10032,
05,25,24,13,04,07,28,10031,
03,25,16,10,05,06,31,10030,
01,17,16,14,03,05,22,10029,
01,16,12,06,12,03,32,10028,
03,26,25,15,13,04,30,10027,
02,19,08,05,12,04,22,10026,
04,13,10,07,11,05,25,10025,
07,29,27,26,14,16,31,10024,
02,24,22,11,11,09,27,10023,
01,31,29,18,02,02,32,10022,
02,19,17,16,04,09,25,10021,
05,24,22,14,09,06,26,10020,
02,26,24,22,06,10,27,10019,
11,32,30,29,02,28,33,10018,
01,12,11,06,11,03,23,10017,
02,30,12,10,16,08,33,10016,
01,23,21,16,06,04,28,10015,
01,26,14,07,02,03,28,10014,
01,18,16,03,12,02,23,10013,
02,25,14,13,10,08,33,10012,
07,24,22,14,07,08,30,10011,
07,22,15,12,08,08,26,10010,
01,24,21,13,06,09,32,10009,
05,18,15,13,14,07,30,10008,
14,30,28,27,14,22,33,10007,
03,14,13,07,05,05,18,10006,
03,17,08,06,14,05,18,10005,
01,23,16,13,07,12,28,10004,
14,28,27,26,04,22,31,10003,
03,30,23,07,13,06,33,10002,
07,29,27,18,13,17,32,10001,
01,18,14,12,16,07,25,09154,
06,21,20,08,10,07,25,09153,
03,27,21,19,05,04,28,09152,
06,25,16,10,14,08,30,09151,
04,19,16,07,04,06,20,09150,
01,22,18,16,04,03,29,09149,
06,29,22,15,10,12,32,09148,
06,22,18,10,16,08,32,09147,
03,22,20,16,15,09,33,09146,
03,26,15,11,11,05,33,09145,
01,18,17,10,12,05,29,09144,
05,23,17,11,10,09,28,09143,
07,20,19,15,13,11,24,09142,
02,29,28,21,09,13,31,09141,
04,22,18,11,12,05,33,09140,
01,27,17,15,02,05,29,09139,
04,32,26,14,14,07,33,09138,
08,17,15,14,01,12,21,09137,
01,30,22,14,01,04,33,09136,
01,30,19,14,16,03,33,09135,
03,28,15,12,06,05,33,09134,
05,20,18,13,01,09,32,09133,
04,23,21,15,07,14,30,09132,
16,32,26,25,05,23,33,09131,
02,13,12,07,11,03,30,09130,
06,24,17,16,07,07,25,09129,
05,26,16,15,01,08,32,09128,
02,15,14,12,04,11,16,09127,
03,19,10,06,15,05,23,09126,
06,26,22,08,12,07,27,09125,
03,28,23,22,10,04,30,09124,
09,25,22,20,14,13,28,09123,
07,29,27,16,01,14,32,09122,
02,25,10,06,09,04,30,09121,
01,16,12,08,16,02,30,09120,
06,15,12,10,05,07,21,09119,
12,27,26,25,05,16,31,09118,
05,26,21,15,13,09,31,09117,
05,27,25,21,14,17,32,09116,
02,19,15,13,03,09,24,09115,
03,31,12,11,11,05,32,09114,
04,28,25,20,16,12,29,09113,
06,30,24,18,09,07,32,09112,
02,15,14,07,15,04,25,09111,
04,19,15,13,14,10,30,09110,
05,25,14,07,01,06,28,09109,
04,32,28,17,02,10,33,09108,
07,28,23,20,05,08,29,09107,
01,20,18,15,04,02,29,09106,
02,27,16,10,15,08,30,09105,
20,30,29,26,16,22,32,09104,
06,23,20,17,09,11,24,09103,
03,14,08,07,10,05,31,09102,
01,19,10,05,14,02,24,09101,
02,30,27,17,11,11,33,09100,
08,25,20,18,09,09,29,09099,
03,23,20,15,02,14,30,09098,
07,28,26,24,14,13,32,09097,
01,32,31,27,03,26,33,09096,
08,31,28,14,15,09,33,09095,
03,26,25,22,14,16,33,09094,
01,32,31,20,01,11,33,09093,
02,18,14,07,08,06,31,09092,
03,25,14,11,04,08,29,09091,
07,23,20,14,14,09,30,09090,
02,19,11,07,04,03,32,09089,
04,16,15,11,02,07,17,09088,
06,28,20,13,06,11,32,09087,
11,23,18,13,11,12,32,09086,
04,20,17,12,03,08,30,09085,
04,32,20,11,13,09,33,09084,
02,24,18,12,04,08,28,09083,
11,27,21,18,02,15,29,09082,
04,29,25,06,03,05,30,09081,
01,32,25,13,06,11,33,09080,
02,30,21,16,13,09,31,09079,
05,15,14,12,13,07,20,09078,
01,28,16,14,16,09,32,09077,
09,28,25,19,06,18,31,09076,
01,20,17,15,05,13,30,09075,
05,23,19,16,13,10,28,09074,
09,22,18,17,14,16,27,09073,
01,21,20,12,04,03,29,09072,
04,31,26,23,06,05,32,09071,
01,21,10,09,10,02,31,09070,
03,21,18,12,02,05,23,09069,
06,25,20,18,05,11,30,09068,
04,28,23,16,05,10,30,09067,
02,31,24,19,04,15,32,09066,
08,30,22,20,02,12,33,09065,
01,28,23,14,15,02,29,09064,
02,30,26,11,16,05,32,09063,
10,23,21,20,10,19,32,09062,
10,19,16,13,03,11,30,09061,
07,32,26,17,04,13,33,09060,
03,27,23,13,11,07,30,09059,
05,23,15,10,09,08,26,09058,
05,17,14,10,11,07,25,09057,
04,29,18,10,08,09,32,09056,
03,24,22,18,11,04,29,09055,
16,31,26,23,11,17,32,09054,
07,22,19,18,04,12,28,09053,
09,21,19,15,08,11,30,09052,
06,21,16,13,07,10,23,09051,
13,30,29,24,04,21,32,09050,
09,30,20,14,06,12,31,09049,
03,17,15,11,01,07,31,09048,
06,21,15,11,16,08,22,09047,
16,29,26,21,09,20,30,09046,
03,30,23,06,01,04,32,09045,
11,26,18,16,01,14,30,09044,
04,18,15,10,07,09,26,09043,
08,27,23,22,11,16,30,09042,
01,28,26,23,08,08,33,09041,
04,26,20,10,12,07,30,09040,
05,21,15,14,03,12,27,09039,
12,28,23,15,05,13,32,09038,
02,20,18,15,03,06,31,09037,
06,32,23,18,07,09,33,09036,
06,29,26,21,05,15,31,09035,
09,22,21,18,07,12,26,09034,
07,29,14,13,06,08,30,09033,
09,27,19,12,06,11,32,09032,
01,30,15,03,01,02,33,09031,
08,28,26,24,07,14,32,09030,
12,23,22,15,13,13,29,09029,
03,23,15,12,10,06,26,09028,
02,27,16,11,06,07,32,09027,
11,20,18,17,16,15,30,09026,
10,26,23,22,11,20,33,09025,
01,30,23,17,12,03,33,09024,
01,24,15,07,08,06,30,09023,
05,11,10,09,08,08,18,09022,
01,24,17,05,09,04,27,09021,
03,19,10,07,13,05,23,09020,
06,26,20,19,04,17,27,09019,
02,27,19,06,15,05,30,09018,
06,25,19,15,08,14,26,09017,
02,20,16,13,03,07,33,09016,
02,17,15,06,05,04,32,09015,
03,15,14,09,02,06,18,09014,
04,26,21,09,09,08,27,09013,
05,18,17,14,01,11,28,09012,
02,18,14,13,15,04,23,09011,
03,20,19,17,02,10,24,09010,
08,31,30,21,02,15,33,09009,
04,32,22,16,02,15,33,09008,
01,25,23,12,15,05,26,09007,
06,26,20,18,02,12,33,09006,
01,17,15,08,13,03,21,09005,
03,28,17,13,03,11,31,09004,
02,25,15,06,02,03,30,09003,
10,29,25,17,14,14,33,09002,
04,30,24,23,04,21,31,09001,
02,22,21,07,08,05,26,08154,
01,24,21,18,16,04,30,08153,
01,26,22,06,08,04,30,08152,
06,17,14,10,06,08,19,08151,
04,29,24,22,02,19,32,08150,
10,29,28,22,02,14,33,08149,
03,26,22,09,09,05,28,08148,
07,26,22,14,02,08,33,08147,
07,31,19,17,10,08,32,08146,
07,26,22,18,02,13,29,08145,
02,29,27,10,15,05,33,08144,
12,26,19,18,06,17,27,08143,
05,17,13,10,15,06,28,08142,
03,29,25,20,15,13,33,08141,
07,30,29,16,14,14,31,08140,
08,25,23,19,07,09,26,08139,
07,25,23,19,04,14,32,08138,
01,29,28,24,09,04,33,08137,
05,18,12,10,02,09,28,08136,
05,19,16,15,15,14,21,08135,
10,28,20,19,02,15,32,08134,
08,24,19,16,11,11,26,08133,
09,27,25,16,08,13,33,08132,
02,22,18,15,08,12,32,08131,
01,30,28,18,06,12,32,08130,
01,25,24,18,15,03,32,08129,
01,27,20,19,05,05,33,08128,
05,27,22,19,13,08,30,08127,
04,20,14,12,13,11,30,08126,
10,26,15,12,09,11,29,08125,
01,21,13,10,03,07,22,08124,
10,25,16,15,02,11,29,08123,
02,19,14,11,15,08,26,08122,
02,31,27,23,06,22,32,08121,
10,26,24,22,02,11,33,08120,
05,24,15,09,07,07,29,08119,
04,31,27,16,01,09,33,08118,
03,14,10,07,07,05,33,08117,
03,24,22,21,14,07,29,08116,
02,17,14,13,06,12,18,08115,
04,25,24,20,14,09,31,08114,
06,17,12,10,09,09,22,08113,
05,22,19,14,06,13,23,08112,
17,31,25,21,06,18,32,08111,
10,29,23,22,02,16,31,08110,
04,21,16,09,10,07,28,08109,
09,23,17,15,12,10,30,08108,
06,27,22,18,04,13,32,08107,
14,29,27,25,15,19,30,08106,
05,28,27,19,02,17,32,08105,
03,24,17,08,01,06,31,08104,
01,22,18,16,04,12,33,08103,
03,25,21,12,05,07,32,08102,
09,28,26,21,04,17,30,08101,
08,27,21,17,14,14,28,08100,
10,23,22,16,07,15,24,08099,
06,15,11,10,01,07,30,08098,
03,16,09,08,13,06,17,08097,
06,27,24,12,14,08,31,08096,
03,28,21,14,03,08,29,08095,
01,23,16,15,14,04,28,08094,
04,26,16,12,07,10,28,08093,
01,28,27,18,05,03,30,08092,
03,31,23,14,10,12,32,08091,
02,19,18,14,01,07,24,08090,
03,22,16,11,11,06,27,08089,
01,17,16,08,05,06,23,08088,
01,30,29,26,06,07,31,08087,
04,27,26,10,12,05,30,08086,
01,24,20,12,15,04,29,08085,
04,29,20,13,16,07,30,08084,
07,29,18,09,09,08,32,08083,
04,21,12,10,09,08,26,08082,
02,25,18,13,04,12,31,08081,
04,29,25,22,14,14,32,08080,
03,20,10,05,09,04,32,08079,
06,30,26,16,01,13,33,08078,
04,30,26,22,09,12,33,08077,
02,13,11,07,11,05,18,08076,
01,22,18,14,03,08,30,08075,
01,20,19,15,09,11,24,08074,
01,28,22,13,08,09,33,08073,
01,22,18,10,09,05,30,08072,
01,27,26,21,09,06,28,08071,
05,18,15,12,13,06,33,08070,
05,26,20,17,10,08,30,08069,
05,27,23,17,07,07,29,08068,
10,26,19,15,13,11,33,08067,
07,29,22,21,08,12,30,08066,
05,30,19,15,05,13,31,08065,
01,12,09,07,12,02,18,08064,
05,16,14,11,15,09,17,08063,
06,24,17,13,15,08,27,08062,
01,26,12,05,06,02,31,08061,
06,30,17,08,03,07,32,08060,
02,31,29,15,16,06,32,08059,
01,29,27,21,11,12,31,08058,
19,28,26,21,08,20,30,08057,
08,25,23,22,07,13,30,08056,
11,26,23,19,04,16,31,08055,
02,20,17,16,07,06,25,08054,
06,21,20,19,04,12,27,08053,
02,29,23,17,10,10,31,08052,
01,13,10,08,11,04,33,08051,
01,26,24,19,03,11,27,08050,
03,19,13,12,04,10,25,08049,
11,30,27,21,01,18,32,08048,
09,20,14,13,10,12,22,08047,
15,28,24,18,15,16,33,08046,
01,29,21,13,04,10,32,08045,
05,26,20,09,09,07,29,08044,
03,27,22,16,14,10,33,08043,
03,12,11,09,01,04,24,08042,
08,23,22,20,04,11,27,08041,
06,27,25,22,09,13,28,08040,
01,22,13,10,01,07,29,08039,
03,15,11,10,13,09,19,08038,
01,28,24,22,06,12,31,08037,
02,23,18,13,16,06,28,08036,
07,18,17,14,16,11,29,08035,
03,21,11,09,09,05,29,08034,
12,31,30,18,04,17,33,08033,
05,23,21,16,13,14,28,08032,
03,21,15,11,13,06,31,08031,
06,20,19,18,11,15,28,08030,
01,29,22,14,12,09,32,08029,
01,29,26,21,10,13,32,08028,
15,24,23,19,13,18,26,08027,
05,29,27,19,03,17,32,08026,
08,19,18,17,14,16,21,08025,
11,28,26,21,13,20,30,08024,
08,26,25,18,02,16,32,08023,
12,28,24,20,05,18,32,08022,
09,26,20,19,15,12,28,08021,
03,28,15,13,03,10,30,08020,
02,27,17,11,05,09,31,08019,
02,26,23,06,13,05,33,08018,
02,20,17,07,02,05,22,08017,
03,29,21,14,13,12,33,08016,
06,29,16,11,03,08,33,08015,
03,21,17,11,14,09,31,08014,
02,22,16,15,10,08,28,08013,
03,20,16,05,13,04,30,08012,
02,30,21,17,03,14,32,08011,
03,21,17,11,09,08,27,08010,
09,31,30,29,16,21,32,08009,
02,26,23,16,07,15,27,08008,
01,23,22,17,11,13,30,08007,
01,22,18,16,14,14,27,08006,
03,24,22,15,15,05,25,08005,
04,27,23,22,08,08,29,08004,
06,17,13,11,12,08,19,08003,
03,25,22,18,09,04,29,08002,
02,14,09,07,03,04,29,08001,
01,25,20,19,15,04,31,07153,
11,30,29,21,08,17,33,07152,
01,23,11,10,02,06,25,07151,
03,19,13,11,05,05,24,07150,
01,28,22,19,03,17,30,07149,
03,23,17,16,07,09,28,07148,
03,26,24,18,04,07,27,07147,
04,26,24,22,09,18,30,07146,
08,25,12,11,11,09,31,07145,
08,28,25,23,16,14,32,07144,
01,24,23,22,04,06,26,07143,
11,27,26,25,08,20,30,07142,
02,17,06,04,08,03,31,07141,
01,22,21,16,11,05,26,07140,
06,16,14,12,06,10,22,07139,
02,19,17,15,16,03,25,07138,
03,20,18,08,03,07,22,07137,
01,25,21,18,14,02,29,07136,
01,31,26,16,16,11,33,07135,
01,18,13,10,15,04,25,07134,
03,13,11,07,10,06,33,07133,
01,22,21,16,05,09,23,07132,
03,22,16,07,05,05,27,07131,
03,27,11,09,04,05,31,07130,
05,22,21,20,08,07,30,07129,
09,27,21,19,05,10,31,07128,
06,24,16,13,11,09,28,07127,
09,26,23,19,09,10,31,07126,
03,27,20,18,01,05,33,07125,
03,19,16,13,16,07,32,07124,
01,28,23,15,02,13,32,07123,
04,26,24,19,09,07,32,07122,
03,27,22,21,06,10,28,07121,
06,18,12,11,01,07,25,07120,
03,25,13,11,12,08,31,07119,
04,25,18,16,15,10,32,07118,
03,26,10,09,01,07,32,07117,
03,17,11,07,13,05,27,07116,
01,20,16,10,02,05,26,07115,
05,27,24,15,05,12,33,07114,
04,26,25,23,10,18,31,07113,
07,25,16,14,11,11,32,07112,
02,13,12,10,11,09,17,07111,
02,24,15,07,03,04,28,07110,
01,13,08,07,04,04,14,07109,
03,20,13,12,02,07,33,07108,
02,24,18,09,10,08,28,07107,
12,25,24,21,08,18,29,07106,
02,23,17,10,14,07,29,07105,
02,20,14,12,04,08,32,07104,
07,30,27,25,01,09,32,07103,
04,20,18,08,11,06,33,07102,
15,22,21,18,14,16,30,07101,
08,30,29,27,06,18,32,07100,
03,31,27,14,05,04,33,07099,
02,19,11,05,12,03,20,07098,
04,26,18,13,11,08,30,07097,
09,30,22,20,08,10,32,07096,
01,29,18,08,07,06,32,07095,
03,24,19,18,02,05,32,07094,
05,19,15,13,02,10,29,07093,
14,24,23,22,09,18,33,07092,
02,31,30,17,07,11,32,07091,
05,30,27,13,02,11,31,07090,
03,19,15,08,03,07,28,07089,
02,29,28,10,06,04,33,07088,
01,08,05,04,09,03,21,07087,
05,27,22,14,16,08,29,07086,
02,29,19,17,12,12,30,07085,
06,20,14,12,10,10,27,07084,
11,21,20,18,05,14,26,07083,
05,25,18,17,15,15,32,07082,
09,24,19,15,13,14,33,07081,
01,19,18,16,04,08,29,07080,
03,21,20,14,14,04,25,07079,
04,25,23,07,01,06,32,07078,
06,28,21,14,02,08,29,07077,
06,20,16,15,02,12,31,07076,
13,30,22,17,03,16,32,07075,
08,27,25,15,03,13,28,07074,
05,28,19,11,02,09,31,07073,
02,14,13,08,16,04,33,07072,
01,30,21,14,09,06,31,07071,
06,18,17,15,12,08,30,07070,
03,14,12,11,12,04,32,07069,
11,23,22,19,01,18,28,07068,
06,21,17,13,11,11,23,07067,
05,32,24,16,08,11,33,07066,
04,25,21,19,07,07,31,07065,
02,21,16,09,16,06,23,07064,
10,26,24,17,12,15,28,07063,
08,30,29,20,09,17,33,07062,
01,20,11,07,05,06,23,07061,
01,19,16,08,05,02,29,07060,
01,07,06,04,14,03,29,07059,
07,25,13,10,07,08,27,07058,
05,20,19,18,09,11,21,07057,
14,31,29,21,12,17,32,07056,
02,28,22,11,02,06,29,07055,
01,23,18,16,05,03,28,07054,
10,18,17,16,11,13,27,07053,
02,26,08,07,07,03,29,07052,
03,27,26,16,13,14,33,07051,
01,18,13,08,02,05,25,07050,
04,31,19,18,02,14,33,07049,
02,17,15,12,12,11,28,07048,
02,23,18,16,06,04,30,07047,
02,19,09,07,14,06,26,07046,
01,28,21,18,10,12,30,07045,
09,24,21,20,08,13,32,07044,
03,14,11,10,05,08,30,07043,
03,32,19,16,08,13,33,07042,
01,26,11,09,12,03,31,07041,
13,24,19,15,10,14,30,07040,
06,27,24,19,01,07,29,07039,
03,21,19,14,05,11,30,07038,
10,31,23,16,16,11,33,07037,
03,30,23,21,10,14,31,07036,
01,29,12,08,06,04,31,07035,
02,23,14,12,16,09,25,07034,
03,18,17,11,09,04,28,07033,
04,30,24,16,16,08,32,07032,
04,19,12,10,01,06,31,07031,
03,27,22,21,04,16,30,07030,
06,19,11,09,10,08,21,07029,
03,29,20,13,11,08,30,07028,
02,24,22,09,11,03,27,07027,
01,26,16,14,10,04,29,07026,
03,23,22,18,03,16,26,07025,
08,27,25,17,06,09,32,07024,
03,32,17,13,02,07,33,07023,
02,18,10,07,10,04,27,07022,
03,25,11,09,13,06,31,07021,
05,28,20,16,14,10,31,07020,
04,29,23,16,14,11,31,07019,
01,21,20,18,11,12,26,07018,
05,25,24,10,14,09,32,07017,
01,26,22,20,05,18,33,07016,
03,22,18,08,15,04,30,07015,
01,24,20,16,09,13,26,07014,
05,29,27,18,05,15,32,07013,
03,26,21,07,04,05,28,07012,
03,28,25,15,16,10,33,07011,
03,30,17,14,05,08,32,07010,
02,25,15,14,15,04,27,07009,
01,19,18,05,10,04,25,07008,
04,22,17,15,14,12,32,07007,
06,26,22,14,11,10,27,07006,
01,24,16,06,12,05,30,07005,
03,25,13,10,10,07,33,07004,
05,22,12,11,15,09,27,07003,
05,21,20,14,01,06,22,07002,
02,20,10,09,14,04,26,07001,
07,30,20,18,13,14,33,06154,
01,30,20,11,10,07,33,06153,
01,27,25,20,15,14,31,06152,
01,16,06,04,08,03,22,06151,
08,25,18,12,12,09,27,06150,
02,15,11,05,15,03,32,06149,
04,23,13,12,01,08,29,06148,
01,27,17,15,01,04,31,06147,
03,28,23,13,05,09,30,06146,
02,28,26,23,07,07,31,06145,
04,22,16,13,06,10,29,06144,
01,31,29,20,08,15,32,06143,
10,26,22,19,16,16,27,06142,
16,25,23,22,11,18,31,06141,
01,19,18,11,05,08,23,06140,
07,23,21,14,05,08,25,06139,
04,18,17,11,08,09,26,06138,
10,27,21,17,09,14,31,06137,
11,22,21,17,05,15,24,06136,
04,23,22,21,04,19,31,06135,
10,28,26,18,12,13,30,06134,
04,29,25,20,03,06,31,06133,
06,30,26,22,01,14,33,06132,
03,26,22,09,01,04,33,06131,
01,30,22,21,02,12,32,06130,
09,27,22,18,12,14,29,06129,
04,31,30,21,05,15,33,06128,
03,19,17,11,01,04,30,06127,
02,24,16,13,09,08,33,06126,
15,32,30,23,06,19,33,06125,
12,31,18,14,13,13,32,06124,
02,28,25,20,06,03,32,06123,
04,22,08,06,03,05,24,06122,
03,31,27,06,06,04,33,06121,
06,24,15,14,09,08,33,06120,
01,27,20,14,02,02,30,06119,
01,10,08,07,05,03,30,06118,
06,23,22,20,09,14,26,06117,
05,32,22,21,09,16,33,06116,
01,28,26,20,15,10,29,06115,
08,27,20,14,16,10,29,06114,
05,28,18,17,02,14,33,06113,
04,31,15,13,11,09,33,06112,
01,17,16,11,15,08,22,06111,
09,27,18,14,13,12,33,06110,
01,23,18,17,13,05,26,06109,
02,24,20,08,09,06,30,06108,
01,17,13,08,07,06,30,06107,
02,28,19,14,10,12,33,06106,
05,20,15,14,01,12,31,06105,
03,28,27,22,11,07,31,06104,
12,28,25,15,06,14,31,06103,
01,20,19,13,11,04,24,06102,
09,27,26,20,16,12,28,06101,
01,30,26,18,03,11,32,06100,
09,24,23,18,05,12,27,06099,
06,18,11,10,16,07,23,06098,
11,26,20,15,12,14,27,06097,
01,18,13,09,14,05,33,06096,
01,21,20,17,16,03,29,06095,
15,24,18,17,13,16,33,06094,
02,19,18,16,05,12,23,06093,
02,20,16,11,14,08,21,06092,
07,22,21,12,07,08,24,06091,
02,23,20,15,11,11,29,06090,
01,19,18,16,01,13,22,06089,
03,25,24,20,01,11,26,06088,
04,12,09,08,05,05,30,06087,
04,26,24,10,06,06,31,06086,
02,24,21,18,08,06,25,06085,
01,25,21,17,12,12,28,06084,
07,26,19,18,10,09,29,06083,
03,28,23,15,09,13,29,06082,
14,22,21,18,04,16,32,06081,
15,26,22,20,09,17,29,06080,
06,20,17,13,08,11,32,06079,
03,31,22,17,12,05,33,06078,
08,19,13,12,09,09,33,06077,
04,29,21,17,14,10,32,06076,
10,25,23,22,11,21,33,06075,
01,25,19,15,04,03,33,06074,
05,27,18,16,12,13,29,06073,
02,21,20,05,08,03,24,06072,
05,29,19,12,01,11,31,06071,
02,20,13,11,02,03,27,06070,
05,29,22,20,08,16,30,06069,
03,30,14,10,10,07,33,06068,
07,17,16,11,13,08,24,06067,
06,30,18,11,05,08,33,06066,
04,29,28,17,13,08,30,06065,
03,24,21,14,11,12,28,06064,
04,23,21,15,08,05,24,06063,
18,26,24,23,01,22,30,06062,
05,25,19,17,11,13,30,06061,
05,30,23,19,14,15,32,06060,
05,27,17,15,11,10,29,06059,
01,24,23,22,14,12,25,06058,
03,21,18,17,08,04,31,06057,
11,23,21,15,08,13,25,06056,
04,31,29,28,11,05,33,06055,
03,28,10,07,04,05,30,06054,
01,28,27,17,02,11,31,06053,
11,30,27,26,03,24,32,06052,
02,27,17,07,16,06,30,06051,
02,25,15,12,07,06,31,06050,
06,17,13,12,03,10,20,06049,
09,29,25,19,12,13,32,06048,
02,28,22,20,03,17,32,06047,
13,31,29,23,08,18,32,06046,
06,20,14,10,04,07,21,06045,
02,30,21,18,05,10,31,06044,
05,23,16,13,03,12,32,06043,
03,28,26,23,11,16,31,06042,
03,21,18,16,04,10,28,06041,
15,28,26,25,03,22,33,06040,
16,31,28,22,03,19,32,06039,
02,22,19,17,10,14,30,06038,
02,25,24,23,14,12,32,06037,
04,17,16,10,09,07,21,06036,
03,27,21,13,13,09,29,06035,
02,17,16,15,13,10,33,06034,
15,27,23,22,06,20,31,06033,
05,26,24,20,09,18,31,06032,
03,31,16,12,14,10,32,06031,
08,20,17,15,14,13,32,06030,
03,14,09,07,08,04,19,06029,
05,17,16,14,04,07,27,06028,
06,16,14,11,15,08,27,06027,
01,29,22,18,03,02,32,06026,
03,24,19,17,05,04,32,06025,
02,21,11,09,06,07,27,06024,
04,23,19,14,08,13,28,06023,
02,16,13,04,13,03,27,06022,
01,21,20,05,09,02,22,06021,
05,26,23,21,06,09,29,06020,
04,26,22,13,07,06,32,06019,
01,24,17,14,05,13,26,06018,
03,32,31,08,02,04,33,06017,
01,23,17,13,16,07,30,06016,
02,29,15,09,03,03,32,06015,
06,32,29,26,07,14,33,06014,
01,16,12,06,11,05,21,06013,
09,31,27,13,10,11,33,06012,
05,27,14,08,11,07,31,06011,
04,27,19,12,08,06,29,06010,
05,26,20,08,06,06,30,06009,
03,28,18,09,16,05,32,06008,
04,32,27,18,07,16,33,06007,
08,26,23,22,14,21,32,06006,
03,26,24,20,11,19,27,06005,
04,28,27,17,07,08,31,06004,
02,16,06,05,12,04,20,06003,
07,26,21,16,09,13,28,06002,
01,21,19,15,03,12,28,06001,
04,26,21,07,01,05,29,05153,
01,21,14,12,03,05,27,05152,
04,19,13,12,05,11,30,05151,
03,18,14,10,02,07,20,05150,
11,25,23,21,07,16,32,05149,
03,24,23,17,13,15,29,05148,
06,28,27,15,10,07,30,05147,
07,24,20,19,02,11,28,05146,
03,20,17,08,15,07,28,05145,
01,19,15,14,09,08,27,05144,
03,20,17,15,08,10,32,05143,
07,22,17,12,05,10,29,05142,
03,16,12,08,15,05,19,05141,
04,12,08,07,07,06,17,05140,
02,32,23,20,10,07,33,05139,
03,20,11,06,13,05,22,05138,
03,25,23,15,12,09,33,05137,
05,25,18,16,13,14,27,05136,
01,21,15,13,11,05,25,05135,
04,26,18,14,01,13,30,05134,
01,18,16,14,11,07,25,05133,
02,27,18,10,15,04,29,05132,
02,12,11,10,03,07,24,05131,
03,20,15,09,16,05,25,05130,
05,27,20,14,03,10,33,05129,
02,29,23,14,15,04,33,05128,
04,23,14,11,12,06,25,05127,
02,25,19,13,09,08,26,05126,
06,31,28,18,03,14,32,05125,
05,31,19,10,11,06,33,05124,
11,18,17,13,07,12,25,05123,
01,30,14,07,09,04,32,05122,
01,31,25,20,12,07,32,05121,
01,30,18,13,14,06,32,05120,
01,20,18,11,02,07,22,05119,
04,26,15,12,16,09,31,05118,
06,28,27,22,03,17,32,05117,
04,15,14,08,10,06,30,05116,
03,30,23,18,02,12,33,05115,
06,21,15,10,06,07,27,05114,
15,26,22,20,03,18,27,05113,
04,29,28,22,16,12,30,05112,
03,19,16,15,09,07,29,05111,
07,24,19,16,09,10,25,05110,
03,17,15,13,04,05,31,05109,
03,29,24,12,06,10,30,05108,
09,25,24,20,11,10,26,05107,
01,26,24,13,13,11,31,05106,
04,32,30,23,03,15,33,05105,
02,30,23,21,09,04,33,05104,
04,23,18,16,07,07,30,05103,
02,24,14,06,12,05,31,05102,
09,22,21,19,12,16,24,05101,
02,16,14,09,03,04,31,05100,
10,24,22,16,09,13,31,05099,
12,31,22,19,01,15,33,05098,
05,28,27,23,15,10,30,05097,
04,26,18,17,04,05,33,05096,
09,28,21,18,05,12,29,05095,
03,27,23,09,03,05,33,05094,
04,25,23,17,14,06,29,05093,
08,28,26,19,10,13,31,05092,
01,26,15,12,13,11,27,05091,
01,29,25,21,03,09,32,05090,
05,26,23,20,12,19,31,05089,
01,20,18,07,07,03,24,05088,
08,23,16,15,08,09,26,05087,
07,27,24,12,12,11,29,05086,
08,20,14,13,12,09,22,05085,
01,19,15,07,03,02,20,05084,
03,16,14,09,13,05,30,05083,
01,19,14,11,12,07,20,05082,
02,26,12,10,03,04,30,05081,
01,27,26,14,16,12,32,05080,
03,25,24,20,05,09,28,05079,
03,26,20,15,11,11,32,05078,
08,32,24,22,16,17,33,05077,
04,25,22,11,13,09,28,05076,
11,18,16,14,14,13,31,05075,
06,26,20,18,09,09,29,05074,
01,18,09,08,01,06,20,05073,
06,24,20,19,11,10,33,05072,
04,16,14,12,10,08,22,05071,
03,16,14,08,04,04,26,05070,
07,31,24,21,12,09,33,05069,
01,25,13,10,13,08,33,05068,
03,21,20,16,16,12,26,05067,
02,25,11,10,05,04,28,05066,
12,22,21,17,16,16,23,05065,
10,30,27,23,08,18,32,05064,
02,22,18,13,04,11,30,05063,
02,20,12,11,07,07,23,05062,
05,23,21,14,01,09,24,05061,
09,31,25,21,13,12,33,05060,
07,24,18,14,07,11,29,05059,
04,25,21,10,10,06,26,05058,
05,30,15,10,13,06,31,05057,
12,29,27,19,09,17,31,05056,
05,32,30,22,09,20,33,05055,
05,21,18,17,14,13,29,05054,
04,27,14,10,09,07,29,05053,
01,30,17,14,01,02,32,05052,
03,20,19,14,02,06,21,05051,
02,26,20,12,13,09,32,05050,
02,25,10,08,12,03,27,05049,
06,16,10,08,02,07,28,05048,
02,08,07,05,15,03,27,05047,
09,22,20,18,05,16,24,05046,
01,18,15,10,10,07,20,05045,
01,18,17,16,09,06,22,05044,
04,08,07,06,05,05,32,05043,
11,27,26,21,15,16,30,05042,
02,24,23,16,03,11,29,05041,
01,30,24,21,13,12,32,05040,
02,21,19,18,09,16,29,05039,
04,27,20,11,16,07,28,05038,
07,24,22,14,16,12,32,05037,
12,26,21,20,15,19,31,05036,
12,29,28,21,14,16,30,05035,
05,28,25,18,09,17,32,05034,
07,19,14,12,07,08,20,05033,
05,25,20,19,03,15,29,05032,
04,23,20,16,07,10,32,05031,
01,22,14,09,05,05,28,05030,
02,27,22,21,14,14,30,05029,
04,26,25,22,10,09,32,05028,
01,21,06,04,15,03,32,05027,
06,25,20,14,07,12,26,05026,
01,13,11,10,07,07,32,05025,
05,31,27,14,13,09,32,05024,
10,21,20,19,12,15,25,05023,
08,32,21,12,04,10,33,05022,
02,30,26,24,16,06,31,05021,
14,25,20,19,05,16,29,05020,
06,19,13,12,08,11,22,05019,
01,23,22,06,06,03,25,05018,
02,27,25,10,03,06,31,05017,
01,16,12,06,15,05,30,05016,
04,17,16,09,15,08,29,05015,
13,30,23,21,05,19,32,05014,
07,20,19,16,06,08,24,05013,
02,22,16,06,05,03,31,05012,
09,22,15,13,15,11,30,05011,
08,25,18,11,01,10,26,05010,
02,29,27,22,14,17,31,05009,
11,32,27,22,11,19,33,05008,
07,23,20,17,15,15,33,05007,
02,21,15,05,16,04,31,05006,
05,28,26,20,15,09,33,05005,
01,22,09,08,03,04,23,05004,
09,22,19,15,16,12,31,05003,
06,28,26,20,14,09,33,05002,
01,27,23,08,14,07,28,05001,
03,24,22,14,15,11,31,04122,
07,30,18,16,10,13,32,04121,
07,27,21,18,10,08,32,04120,
06,25,20,18,06,09,33,04119,
03,30,12,07,15,04,31,04118,
01,24,14,07,07,03,25,04117,
01,14,08,05,03,03,33,04116,
02,31,30,20,01,16,33,04115,
01,21,17,09,01,06,22,04114,
08,31,25,23,07,10,32,04113,
09,26,21,15,06,13,33,04112,
11,26,20,18,02,16,31,04111,
14,22,21,20,11,19,31,04110,
06,30,17,10,14,08,31,04109,
08,28,27,14,12,13,31,04108,
01,18,13,12,07,08,20,04107,
10,28,26,23,12,15,29,04106,
07,23,21,10,12,09,30,04105,
07,24,18,17,05,11,29,04104,
02,16,09,05,02,03,21,04103,
03,28,15,12,01,09,32,04102,
02,25,19,14,15,09,26,04101,
06,24,14,09,15,08,33,04100,
05,26,22,21,02,10,33,04099,
03,26,25,13,03,12,31,04098,
10,29,26,20,14,19,31,04097,
01,20,16,12,15,04,30,04096,
19,30,28,27,01,22,32,04095,
05,24,13,10,08,09,25,04094,
11,32,27,20,05,14,33,04093,
01,28,13,08,02,04,31,04092,
09,30,21,14,01,13,33,04091,
01,32,24,20,12,18,33,04090,
14,28,25,20,14,17,30,04089,
02,24,22,19,14,10,32,04088,
01,25,08,07,14,03,26,04087,
10,25,19,18,01,13,27,04086,
03,30,29,11,01,08,32,04085,
01,21,11,08,14,04,25,04084,
14,30,28,27,06,16,33,04083,
03,29,27,24,15,20,30,04082,
03,27,24,21,06,05,32,04081,
03,24,23,20,16,08,26,04080,
07,19,17,14,03,13,30,04079,
04,24,21,10,05,05,26,04078,
08,16,14,10,07,09,26,04077,
03,25,17,13,07,05,31,04076,
07,27,26,21,07,18,28,04075,
05,26,19,15,13,06,29,04074,
02,23,16,13,16,07,28,04073,
08,30,28,18,14,15,33,04072,
03,21,17,16,06,08,29,04071,
10,30,22,21,06,12,33,04070,
02,22,20,15,05,11,29,04069,
02,24,13,11,15,08,31,04068,
01,16,13,07,04,06,32,04067,
05,24,23,20,03,13,25,04066,
13,32,29,27,08,14,33,04065,
14,27,20,18,04,15,31,04064,
07,27,16,13,07,10,28,04063,
01,28,27,25,13,12,29,04062,
13,23,20,19,09,16,33,04061,
03,27,24,11,15,05,28,04060,
04,23,19,11,10,07,26,04059,
01,27,12,11,12,08,31,04058,
05,28,25,23,04,21,32,04057,
01,29,25,21,02,20,30,04056,
06,29,25,19,07,08,32,04055,
09,27,16,14,11,11,28,04054,
02,24,09,04,02,03,25,04053,
01,17,15,14,09,12,29,04052,
02,15,10,09,11,03,29,04051,
06,25,21,19,02,07,29,04050,
11,25,16,14,09,12,29,04049,
08,17,16,11,09,09,29,04048,
01,27,11,08,06,07,31,04047,
07,23,22,16,14,15,32,04046,
01,27,26,18,13,12,28,04045,
02,31,12,07,05,06,32,04044,
04,22,21,10,10,09,24,04043,
06,18,17,13,02,10,21,04042,
08,25,22,17,14,10,29,04041,
07,21,20,19,11,17,29,04040,
10,26,25,18,03,16,29,04039,
11,28,25,17,07,16,29,04038,
03,20,17,11,05,04,26,04037,
02,26,18,17,01,13,30,04036,
02,30,27,26,16,08,32,04035,
02,27,20,13,14,07,30,04034,
01,19,09,08,01,04,20,04033,
02,15,11,08,13,05,31,04032,
03,21,20,19,11,06,24,04031,
01,26,17,09,05,07,31,04030,
09,24,22,20,05,13,32,04029,
01,10,05,03,12,02,22,04028,
01,18,10,09,11,05,32,04027,
04,28,18,14,15,10,32,04026,
07,29,24,10,04,08,33,04025,
01,25,23,21,06,13,32,04024,
01,19,17,14,03,08,30,04023,
03,20,19,14,06,10,30,04022,
05,26,17,11,10,09,27,04021,
01,28,22,09,04,02,31,04020,
05,24,23,11,04,10,32,04019,
02,28,08,06,06,05,30,04018,
05,25,15,14,09,12,31,04017,
04,30,28,08,05,07,32,04016,
01,22,18,05,13,03,23,04015,
03,20,17,11,12,07,26,04014,
12,30,29,21,13,14,32,04013,
01,31,30,27,08,07,33,04012,
01,28,23,13,03,04,30,04011,
06,14,13,08,15,07,19,04010,
01,22,16,10,11,09,24,04009,
01,32,22,10,13,07,33,04008,
04,25,20,17,09,12,28,04007,
04,23,20,18,06,12,32,04006,
09,17,16,13,07,11,18,04005,
10,25,23,22,09,19,29,04004,
03,26,17,06,08,05,33,04003,
10,30,22,18,11,12,31,04002,
01,10,07,03,07,02,25,04001,
18,27,26,21,16,19,33,03089,
03,24,22,21,12,10,33,03088,
02,24,05,04,13,03,28,03087,
05,26,18,16,13,12,30,03086,
01,19,12,11,14,04,27,03085,
02,17,10,07,03,06,33,03084,
01,26,18,14,01,03,28,03083,
07,30,19,18,14,17,31,03082,
01,29,26,14,07,02,30,03081,
09,28,25,24,10,20,30,03080,
12,26,23,22,04,15,31,03079,
07,29,26,23,11,12,30,03078,
04,24,22,16,06,12,25,03077,
01,20,18,16,02,13,29,03076,
16,31,22,19,11,17,33,03075,
02,27,22,19,01,12,32,03074,
02,23,21,14,13,12,30,03073,
03,19,11,08,11,06,27,03072,
09,15,14,12,11,11,33,03071,
01,18,17,04,08,02,19,03070,
07,26,19,16,11,11,28,03069,
09,32,27,25,11,19,33,03068,
05,27,13,12,10,11,31,03067,
03,24,20,08,14,07,32,03066,
06,30,17,16,11,15,33,03065,
04,15,12,08,01,06,30,03064,
05,21,14,09,11,08,33,03063,
01,20,19,12,14,06,32,03062,
03,28,21,20,02,05,32,03061,
02,21,17,06,11,04,28,03060,
02,18,06,05,04,03,30,03059,
09,32,28,16,02,11,33,03058,
18,30,25,24,16,19,31,03057,
08,28,26,21,07,17,29,03056,
06,28,21,16,16,13,31,03055,
02,31,21,09,12,05,33,03054,
15,28,21,20,13,19,29,03053,
01,30,23,13,11,12,31,03052,
04,24,17,15,01,13,27,03051,
02,24,23,17,13,08,26,03050,
03,24,13,07,15,06,25,03049,
10,30,28,20,09,12,31,03048,
03,32,28,26,16,17,33,03047,
07,17,11,10,11,08,26,03046,
03,17,15,14,03,07,32,03045,
02,32,16,09,15,05,33,03044,
02,20,19,10,13,08,32,03043,
03,15,10,07,07,05,20,03042,
02,24,18,17,11,03,25,03041,
04,14,12,06,16,05,23,03040,
03,27,24,23,03,05,32,03039,
05,25,24,08,16,07,27,03038,
09,26,18,17,07,14,32,03037,
07,27,25,24,15,21,28,03036,
03,10,08,05,08,04,11,03035,
08,23,16,14,14,13,25,03034,
01,27,20,14,10,07,30,03033,
04,29,27,25,13,11,30,03032,
11,28,22,20,01,17,32,03031,
02,23,14,13,07,06,27,03030,
02,29,26,15,10,07,32,03029,
06,28,20,16,07,13,32,03028,
01,27,17,14,15,11,28,03027,
08,29,26,15,16,13,31,03026,
01,14,13,11,12,05,27,03025,
02,22,17,15,14,07,30,03024,
01,26,22,20,02,10,31,03023,
02,14,12,11,08,07,32,03022,
14,26,25,18,01,15,30,03021,
07,27,26,25,04,10,32,03020,
04,16,13,12,09,08,33,03019,
05,25,20,19,13,16,28,03018,
05,25,23,18,06,08,31,03017,
11,31,30,28,06,17,33,03016,
04,26,25,19,13,11,32,03015,
03,21,08,07,02,05,31,03014,
08,23,21,17,12,13,32,03013,
02,27,17,16,12,12,30,03012,
04,30,12,11,15,05,32,03011,
01,17,13,08,13,02,24,03010,
05,22,20,18,09,09,30,03009,
05,17,14,09,08,08,23,03008,
01,23,21,19,07,09,26,03007,
01,26,21,10,06,03,27,03006,
04,30,17,15,16,06,31,03005,
04,13,10,07,03,06,25,03004,
01,28,23,10,16,07,32,03003,
04,21,20,19,12,09,26,03002,
10,26,13,12,11,11,28,03001,
